,V1,V2,V3,V4,V5
X61696_53,1.237903226,1.208404047,1.311594203,1,1.624148607
X67263_7,1.647246941,1.411480359,1.764705882,1.4,1.80861244
X67263_8,1.647246941,1.411480359,1.764705882,1.4,1.853588517
X67263_47,1,1.105886709,1.405228758,1.4,1.337662338
X69572_34,1.738394649,1.463025043,1.717234262,1.607142857,1.885030759
X69572_37,1,1.275918526,1.337662338,1.25,1.673957621
X69572_48,1,1.060606061,1,1,1.337662338
X81861_36,1.864214047,1.856957202,1,1,1.25
X81861_60,1.864214047,1.856957202,1,1,1.25
X84285_29,1.855528722,1.857248054,1.181818182,1.505494505,1.2
X86664_32,1.25,1.058823529,1.222222222,1,1.285714286
X86664_43,1.883384933,1.886075332,1,1,1
X86826_64,1.26984127,1,1,1.5,1.405228758
X89317_27,1.749145591,1.735073706,1.405228758,1.971428571,1.919191919
X89317_28,1.749145591,1.735073706,1.405228758,1.971428571,1.919191919
X105903_5,1.237903226,1.199334252,1.50877193,1.789210789,1.405228758
X105903_6,1.237903226,1.199334252,1.50877193,1.789210789,1.405228758
X112450_16,NA,NA,1,1.575757576,1.727472527
X112450_50,NA,NA,1,1.333333333,1.45
X112450_54,NA,NA,1,1.575757576,1.727472527
X112450_60,NA,NA,1,1.333333333,1.45
X113408_54,1,1.093516925,1.337662338,1,1.368421053
X170216_68,1.895856507,1.88155035,1.886034256,1.67032967,1.909774436
X170293_17,1.166666667,1.060606061,1.553921569,1.575757576,1.915084915
X170296_23,1.252873563,1,1,1.666666667,1.45
X170296_50,1.538222952,1.551248743,1.790299278,1.833333333,1.815934066
X170296_61,1.359605911,1.134649209,1,1.4,1.815934066
X170414_36,1.22459893,1.04,1.181818182,1.333333333,1.581544771
X170414_66,1.321524064,1.152825711,1,1,1.581544771
X170432_66,1.898412698,1.823703914,1.67254902,1.745454545,1.845201238
X170474_60,1.125,1.162095372,1.181818182,1,1.624148607
X170664_18,1.125,1,1.436758893,1.607142857,1.47012987
X170728_40,1.166666667,1.323384948,1.727472527,1.785714286,1.80861244
X170840_17,1.117647059,1.199334252,1,1,1.368421053
X171068_68,1.846524357,1.730082694,1.337662338,1.25,1.581544771
X171360_57,1.409047783,1.05,1.772727273,1.911538462,1.80861244
X171360_67,1.409047783,1.05,1.772727273,1.911538462,1.80861244
X171361_15,1.237903226,1.244863983,1.47012987,1,1.337662338
X171361_29,1.237903226,1.244863983,1.47012987,1,1.337662338
X171656_34,1.117647059,1.041666667,1,1,1.337662338
X171757_38,1,1.040816327,1,1,1.337662338
X171891_66,1.724512679,1.678475265,1.856565657,1.915084915,1.903622693
X172163_28,1.511818687,1.199334252,1.634763787,1.876373626,1.80861244
X172167_67,1.897360704,1.786720791,1.909774436,1.727472527,1.853588517
X172172_68,1.339516129,1.230814037,1.543948805,1.45,1.47012987
X172339_66,1.766344661,1.843113403,1.886034256,1.876373626,1.885030759
X172357_12,1.222222222,1.326147431,1.543948805,1.67032967,1.673957621
X172490_14,1,1,1,1.25,1.624148607
X172490_52,1.22459893,1.040816327,1,1,1.50877193
X172608_63,1.125,1.342106046,1.311594203,1.25,1.581544771
X172679_67,1,1,1.311594203,1.25,1.337662338
X172776_38,1.22459893,1.045454545,1.45,1,1.581544771
X172824_21,1,1,1.166666667,1,1.581544771
X172990_57,1.117647059,1,1,1,1.624148607
X173008_62,1,1.04,1.166666667,1.25,1.368421053
X173030_64,1.870279146,1.855467508,1.80861244,1.919191919,1.673957621
X173074_22,1,1.041666667,1.634763787,1.285714286,1.749145591
X173128_57,1,1,1.166666667,1,1.581544771
X173147_56,NA,NA,1.166666667,1,1.581544771
X173223_52,1.181818182,1.054054054,1.368421053,1.745454545,1.337662338
X173337_57,1.430589544,1.100566101,1.47012987,1.285714286,1.903622693
X173351_58,1.730523627,1.717019428,1.80861244,1.789210789,1.853588517
X173367_7,1.88698896,1.790525651,1.885030759,1.727472527,1.80861244
X173419_37,1.867643468,1.796348934,1.405228758,1.607142857,1.883384933
X173456_34,NA,NA,1.166666667,1,1.405228758
X173462_68,1.125,1.080370292,1.311594203,1.25,1.581544771
X173481_63,NA,NA,1.181818182,1,1.368421053
X173487_31,1.117647059,1.162095372,1.337662338,1,1.337662338
X173487_48,1.117647059,1.162095372,1.337662338,1,1.337662338
X173490_64,1.142857143,1,1,1,1.607142857
X173587_35,1,1.348315896,1.337662338,1.285714286,1.903622693
X173674_56,1,1.04,1.181818182,1.67032967,1.47012987
X173734_13,1.487752286,1.397294836,1.749145591,1.911538462,1.749145591
X173734_44,1,1,1.181818182,1.25,1.337662338
X173896_20,1.321524064,1.116388374,1.25,1.333333333,1.222222222
X173920_17,1.237903226,1.221298149,1.634763787,1.911538462,1.673957621
X173924_13,1,1.131697893,1,1.45,1.337662338
X173924_21,1.676125582,1.697351375,1.772727273,1.869130869,1.885030759
X173950_33,1.321524064,1.19171825,1,1,1.337662338
X173950_50,1.321524064,1.19171825,1,1,1.337662338
X173998_29,1,1,1,1.25,1.581544771
X174029_56,1.88698896,1.865160712,1.181818182,1,1
X174029_61,1.88698896,1.855351744,1.181818182,1,1
X174092_60,1.117647059,1.548978354,1.859683794,1.727472527,1.885030759
X174129_55,1.89993311,1.870009275,1,1.745454545,1
X174134_49,1,1.066666667,1,1,1.790299278
X174140_5,1.181818182,1.105886709,1.717234262,1.815934066,1.880718954
X174140_10,1.181818182,1.105886709,1.717234262,1.815934066,1.880718954
X174140_42,1.181818182,1.105886709,1.717234262,1.815934066,1.880718954
X174199_48,1,1.066666667,1.166666667,1.285714286,1.624148607
X174223_12,1.409047783,1.574720655,1.772727273,1.67032967,1.80861244
X174234_30,1.642002442,1.299434287,1.581544771,1,1.727472527
X174392_41,1.558176643,1.462014097,1.581544771,1.25,1.80861244
X174404_67,1,1.298621768,1,1,1.337662338
X174448_7,1.75995116,1.350307287,1.368421053,1,1.624148607
X174468_49,1.252873563,1.105886709,1.166666667,1.666666667,1.815934066
X174468_52,1,1.054054054,1,1.666666667,1.607142857
X174641_45,1.801944972,1.719489398,1.166666667,1.67032967,1.405228758
X174670_46,1,1.054054054,1.285714286,1,1.581544771
X174739_38,1.339516129,1.385575817,1.337662338,1,1.368421053
X174768_28,1,1,1.47012987,1,1.368421053
X174768_29,1,1.137735611,1.337662338,1,1.50877193
X174834_52,1.872330367,1.768683343,1.822134387,1.939393939,1.908496732
X174856_14,1,1.043478261,1.543948805,1.575757576,1.368421053
X174882_39,1.237903226,1.17635239,1.634763787,1.45,1.673957621
X174943_67,1,1,1.436758893,1.869130869,1.337662338
X174966_30,1.237903226,1.195452384,1,1,1.624148607
X174976_7,1.409047783,1.719489398,1.859683794,1.789210789,1.883384933
X174983_44,1,1.226281546,1,1,1.45
X175008_20,1.133333333,1.083733699,1.311594203,1,1.581544771
X175072_66,1,1,1.181818182,1,1.624148607
X175116_42,1.252873563,1.272473729,1,1,1.624148607
X175116_45,1.26984127,1.272473729,1,1,1.67254902
X175216_42,1,1,1.337662338,1,1.47012987
X175307_6,1,1,1,1.285714286,1.45
X175309_14,1.117647059,1.152825711,1.436758893,1.505494505,1.67254902
X175337_29,1.801944972,1.728042391,1.772727273,1.952380952,1.903622693
X175350_49,1.382173382,1.242666459,1.749145591,1.575757576,1.624148607
X175371_58,1,1.275337267,1.581544771,1,1.50877193
X175396_54,1.894773159,1.824885776,1.886034256,1.789210789,1.903622693
X175506_47,1.894773159,1.795358444,1.436758893,1.45,1
X175525_30,1,1,1,1.285714286,1.337662338
X175538_24,1,1,1.166666667,1.45,1.337662338
X175540_8,1,1.042553191,1.166666667,1.67032967,1.624148607
X175540_64,1,1,1,1,1.790299278
X175611_19,1,1.064516129,1.2,1.25,1.581544771
X175615_47,1.117647059,1.082017544,1.772727273,1.45,1.80861244
X175622_29,1.647246941,1.470102028,1.436758893,1.915084915,1.883384933
X175655_46,1,1,1.181818182,1.67032967,1.368421053
X175655_64,1.252873563,1.091381669,1.673957621,1.505494505,1.2
X175675_23,1.487752286,1.078787879,1.543948805,1,1.50877193
X175696_27,1,1,1.166666667,1,1.749145591
X175797_6,1.887064404,1.87705396,1.901656315,1.505494505,1.845201238
X175805_7,1.407692308,1.285325123,1.624148607,1.333333333,1.505494505
X175848_48,1,1.17255874,1.47012987,1.67032967,1.876373626
X175850_61,NA,NA,1.181818182,1,1.368421053
X175865_15,NA,NA,1.553921569,1.505494505,1.368421053
X175865_44,NA,NA,1.553921569,1.505494505,1.368421053
X175865_53,NA,NA,1.553921569,1.505494505,1.368421053
X175865_58,NA,NA,1.553921569,1.505494505,1.368421053
X175865_67,NA,NA,1.553921569,1.505494505,1.368421053
X175920_18,1,1.093516925,1.311594203,1,1.337662338
X175961_62,1,1.118414918,1,1,1.337662338
X175971_6,1.724512679,1.745488202,1.903622693,1.93006993,1.853588517
X176027_43,1.117647059,1.048780488,1.181818182,1,1.673957621
X176028_24,1,1.078787879,1.2,1.856565657,1.673957621
X176037_56,1.430589544,1.199334252,1.311594203,1.923076923,1.764705882
X176133_9,1.430589544,1.722970638,1.764705882,1.876373626,1.903622693
X176147_45,1.133333333,1,1,1,1.67254902
X176149_18,1,1,1,1.67032967,1.624148607
X176225_5,1.117647059,1.118688197,1.181818182,1.45,1.749145591
X176230_11,1,1,1.311594203,1.4,1.368421053
X176255_17,1,1.040816327,1.311594203,1,1.581544771
X176269_14,1.22459893,1.080370292,1.436758893,1.285714286,1.405228758
X176295_26,1,1.052631579,1,1,1.368421053
X176307_16,1.125,1.043478261,1.80861244,1.4,1.581544771
X176307_20,1.125,1.126166587,1.80861244,1.4,1.581544771
X176314_8,1.886935287,1.859342544,1.166666667,1.285714286,1.405228758
X176318_15,1.117647059,1.123571365,1.581544771,1.285714286,1.790299278
X176346_42,1.339516129,1.298621768,1,1,1.337662338
X176347_57,1.620816802,1.717950385,1,1.25,1
X176365_65,1,1.080370292,1,1.575757576,1.50877193
X176383_50,1.321524064,1.123571365,1.166666667,1,1.337662338
X176468_33,1.705982906,1.757566335,1.80861244,1.727472527,1.853588517
X176495_53,1.487752286,1.324041326,1.543948805,1.727472527,1.80861244
X176497_7,1.117647059,1.116388374,1.337662338,1,1.368421053
X176510_38,1.558176643,1.56968627,1.822134387,1.25,1.885030759
X176559_32,1.117647059,1.19171825,1.772727273,1.285714286,1.790299278
X176580_8,1.409047783,1.595426174,1.634763787,1.876373626,1.885030759
X176596_11,1.117647059,1.360689171,1.311594203,1.727472527,1.749145591
X176611_52,1.117647059,1,1.543948805,1.285714286,1.368421053
X176641_24,1,1,1.181818182,1.333333333,1.581544771
X176641_57,1,1,1.181818182,1.333333333,1.581544771
X176682_47,1,1,1,1,1.47012987
X176684_29,1.252873563,1,1.166666667,1,1.749145591
X176693_23,1.702558398,1.642804544,1,1,1
X176732_42,1.510635452,1.731892427,1.368421053,1.923809524,1.903622693
X176735_21,1.705982906,1.657221022,1.673957621,1.789210789,1.939393939
X176735_22,1.705982906,1.657221022,1.673957621,1.789210789,1.939393939
X176749_33,1,1.095754291,1.166666667,1,1.405228758
X176759_17,1.676125582,1.596174844,1.886034256,1.911538462,1.885030759
X176772_60,1.252873563,1.091381669,1,1,1.581544771
X176793_39,1,1.15888331,1.311594203,1,1.368421053
X176825_41,1.487752286,1.287410184,1.311594203,1.333333333,1.908496732
X176835_34,1.409047783,1.458190744,1.710615471,1.607142857,1.673957621
X176910_31,1.153846154,1.054054054,1.436758893,1.727472527,1.749145591
X176945_34,1.887068966,1.882854303,1.853588517,1.911538462,1.885030759
X176948_19,1.321524064,1.239995634,1,1,1.50877193
X176970_55,1,1.080370292,1,1,1.50877193
X177060_18,1.620816802,1.405189705,1.311594203,1.285714286,1.581544771
X177080_41,1,1,1.436758893,1,1.790299278
X177080_43,1,1,1.436758893,1,1.790299278
X177085_25,1.321524064,1.080370292,1.311594203,1,1.337662338
X177100_61,1,1.24866464,1.436758893,1,1.673957621
X177121_35,1,1.116388374,1.166666667,1.45,1.47012987
X177146_47,1.125,1.292443097,1.436758893,1.575757576,1.853588517
X177146_48,1.125,1.292443097,1.436758893,1.67032967,1.853588517
X177146_50,1.125,1.292443097,1.436758893,1.575757576,1.853588517
X177200_12,1.894773159,1.87040268,1.710615471,1.575757576,1.47012987
X177222_13,1.487752286,1.651428374,1.903622693,1.745454545,1.883384933
X177291_68,1,1.060606061,1,1.285714286,1.333333333
X177309_65,1.846524357,1.779102118,1.903622693,1.915084915,1.913312693
X177341_51,1.790739711,1.811268229,1.634763787,1.815934066,1.903622693
X177378_37,1,1.203372755,1.285714286,1,1.50877193
X177394_19,1,1.287410184,1.436758893,1.919191919,1.717234262
X177413_25,1,1.095754291,1.749145591,1.505494505,1.908496732
X177449_18,1.777011494,1.713780189,1.901656315,1.876373626,1.845201238
X177449_27,1.777011494,1.713780189,1.901656315,1.911538462,1.883384933
X177468_39,1.252873563,1.292618512,1.337662338,1.505494505,1.47012987
X177476_45,1,1.083733699,1.311594203,1.25,1.50877193
X177489_50,1,1,1,1,1.368421053
X177506_43,1.855528722,1.855351744,1.166666667,1.833333333,1.717234262
X177512_23,1.887068966,1.856331503,1.311594203,1.25,1.2
X177525_23,1.772727273,1.586273965,1.717234262,1.93006993,1.815934066
X177545_29,1.409047783,1.324041326,1.885030759,1.785714286,1.815934066
X177551_17,1.511818687,1.080370292,1.311594203,1,1.47012987
X177564_9,1.382173382,1.687434663,1.673957621,1.745454545,1.853588517
X177564_28,1.382173382,1.687434663,1.673957621,1.745454545,1.853588517
X177569_53,1.676125582,1.561318613,1.886034256,1.911538462,1.909774436
X177610_29,1.897360704,1.871420543,1.166666667,1.25,1.581544771
X177745_25,1.133333333,1.180316051,1.624148607,1.575757576,1.337662338
X177746_64,1,1.074074074,1.368421053,1.5,1.368421053
X177777_13,1.88698896,1.877639707,1.822134387,1.727472527,1.903622693
X177777_19,1.724512679,1.76211905,1.634763787,1.876373626,1.673957621
X177849_28,1,1,1.311594203,1,1.553921569
X177895_44,1.117647059,1.152825711,1.166666667,1,1.337662338
X177903_23,1.674916388,1.657221022,1.908496732,1.915084915,1.856565657
X177968_30,1.117647059,1.255393404,1.543948805,1.789210789,1.749145591
X177987_5,NA,NA,1,1,1.368421053
X178008_9,1.409047783,1.249932458,1.634763787,1.67032967,1.575757576
X178014_36,1.750250278,1.695844992,1.710615471,1.727472527,1.845201238
X178042_16,1,1.126166587,1.181818182,1.25,1.553921569
X178053_25,1.730523627,1.84105476,1.913312693,1.666666667,1.880718954
X178109_62,1,1.082017544,1.166666667,1,1.337662338
X178128_29,1.831593928,1.880044145,1.607142857,1.67032967,1.67254902
X178151_7,NA,NA,1.368421053,1,1.368421053
X178151_8,NA,NA,1.624148607,1.25,1.368421053
X178151_9,NA,NA,1.368421053,1,1.368421053
X178179_63,1.855528722,1.877639707,1.634763787,1.915084915,1.581544771
X178204_16,1.894773159,1.843113403,1.749145591,1.911538462,1.905882353
X178233_56,1.117647059,1.045454545,1.181818182,1,1.50877193
X178253_12,1.855528722,1.870009275,1.368421053,1.45,1.2
X178254_19,NA,NA,1.2,1,1.67254902
X178284_30,1.339516129,1.548978354,1.859683794,1.607142857,1.883384933
X178323_43,1.22459893,1.324041326,1,1.607142857,1.337662338
X178324_34,1.125,1.082017544,1.634763787,1.505494505,1.337662338
X178327_62,1.567277167,1.844201453,1.903622693,1.876373626,1.673957621
X178348_14,1.873943419,1.652626411,1.166666667,1,1
X178421_10,1.166666667,1.137735611,1.710615471,1.607142857,1.47012987
X178446_52,1.117647059,1.080370292,1,1.25,1.337662338
X178494_64,1.125,1,1,1.45,1.50877193
X178541_39,1.125,1.275337267,1.47012987,1,1.337662338
X178588_20,1,1,1.553921569,1,1.405228758
X178601_54,1,1.391517022,1.790299278,1.915084915,1
X178617_26,1.339516129,1,1,1.607142857,1.673957621
X178621_31,1,1.04,1.166666667,1,1.368421053
X178689_10,1.430589544,1.131697893,1.311594203,1,1.337662338
X178756_13,1.117647059,1.083733699,1.166666667,1,1.790299278
X178827_63,1,1.082017544,1.772727273,1.607142857,1.581544771
X178860_56,1.45444262,1.307018797,1.543948805,1.815934066,1.581544771
X178887_33,1,1.040816327,1,1,1.47012987
X178914_59,1,1.131697893,1,1,1.368421053
X178917_6,1.894773159,1.771508648,1.906832298,1.911538462,1.909774436
X178925_21,1,1.152825711,1.436758893,1.25,1.337662338
X178971_51,1.237903226,1.085523172,1,1.25,1.727472527
X179077_40,1.872330367,1.883195456,1.634763787,1.67032967,1
X179136_24,1,1,1.166666667,1.45,1.67254902
X179151_23,1,1,1,1,1.50877193
X179152_58,1.901656315,1.822179218,1.47012987,1,1
X179226_15,1.133333333,1.095754291,1,1,1.337662338
X179248_31,1.851501669,1.852335686,1.901656315,1.911538462,1.749145591
X179259_6,1,1,1.2,1.285714286,1.405228758
X179259_10,1,1,1.2,1.285714286,1.405228758
X179335_31,1,1,1.436758893,1.45,1.337662338
X179360_15,1.117647059,1.040816327,1.436758893,1.45,1.337662338
X179400_13,1.831593928,1.82294283,1.906832298,1.607142857,1.883384933
X179419_20,1.511818687,1.824193351,1.581544771,1.911538462,1.885030759
X179419_23,1.511818687,1.812503286,1.581544771,1.911538462,1.885030759
X179438_64,1.153846154,1.048780488,1.2,1,1.337662338
X179500_62,1.620816802,1.582984431,1.2,1.575757576,1.905882353
X179509_58,NA,NA,1.181818182,1.666666667,1.337662338
X179542_62,1,1,1.166666667,1,1.368421053
X179546_33,1.583843159,1.687434663,1,1,1
X179612_65,1,1.12202381,1.368421053,1.333333333,1.25
X179654_57,1.867643468,1.874237903,1.853588517,1.45,1.337662338
X179678_64,1.815934066,1.87705396,1.764705882,1.869130869,1.880718954
X179717_21,1.894773159,1.871713304,1.634763787,1.815934066,1.903622693
X179717_59,1.894773159,1.871713304,1.634763787,1.815934066,1.903622693
X179736_25,1.117647059,1.042553191,1,1.285714286,1.581544771
X179777_68,1.897360704,1.804373378,1.50877193,1.285714286,1.673957621
X179878_54,1.125,1.587107372,1.764705882,1.575757576,1.908496732
X179955_20,1.50877193,1.29221137,1.903622693,1,1.905882353
X179955_63,1.845201238,1.700223183,1.853588517,1.285714286,1.905882353
X179960_40,1.382173382,1.402477835,1.673957621,1.745454545,1.915084915
X180064_26,1,1.155795785,1.405228758,1.923809524,1.2
X180093_19,1.409047783,1.082017544,1.710615471,1.789210789,1.749145591
X180128_43,1,1.188123609,1.50877193,1,1.67254902
X180141_46,NA,NA,1,1,1.717234262
X180144_54,1.321524064,1.324041326,1,1.285714286,1.853588517
X180145_45,1.824388209,1.847769659,1.181818182,1.45,1.181818182
X180145_51,1.339516129,1.184461368,1.181818182,1.25,1.909774436
X180193_7,1.89706258,1.885201621,1.853588517,1.923076923,1.790299278
X180217_68,1.558176643,1.255393404,1.749145591,1,1.80861244
X180219_26,1,1.226480229,1.710615471,1.285714286,1.624148607
X180280_5,1.117647059,1.235315876,1.166666667,1,1.624148607
X180280_19,1.117647059,1.235315876,1.166666667,1,1.624148607
X180280_29,1.117647059,1.235315876,1.166666667,1,1.624148607
X180311_60,1.117647059,1.043478261,1,1,1.368421053
X180380_20,1.634763787,1.663301445,1.710615471,1.876373626,1.845201238
X180380_29,1.772727273,1.728643261,1.436758893,1.45,1.905882353
X180427_57,1,1.04,1.166666667,1.45,1.673957621
X180441_5,1.558176643,1.367204339,1.883384933,1.789210789,1.853588517
X180460_7,1.133333333,1.184461368,1.553921569,1.923809524,1.624148607
X180475_11,1.558176643,1.548978354,1.886034256,1.607142857,1.581544771
X180475_23,1.117647059,1.087390762,1,1.25,1.581544771
X180531_57,1,1.078787879,1,1,1.337662338
X180567_54,1,1.040816327,1.2,1,1.624148607
X180585_22,1.237903226,1.180316051,1.822134387,1.789210789,1.47012987
X180585_56,1.237903226,1.216528416,1.822134387,1.789210789,1.47012987
X180626_11,1.558176643,1.230814037,1,1.45,1.607142857
X180626_17,1.117647059,1.121080627,1,1,1.607142857
X180678_37,1.125,1.042553191,1.311594203,1,1.337662338
X180747_6,1,1.095754291,1.436758893,1.285714286,1.581544771
X180839_53,1.237903226,1.128873,1.749145591,1.789210789,1.749145591
X180864_45,1.117647059,1.195452384,1,1,1.222222222
X180884_8,1.117647059,1.152825711,1.543948805,1.789210789,1.50877193
X180893_13,1.558176643,1.287410184,1,1,1.337662338
X180893_45,1.558176643,1.287410184,1,1,1.337662338
X180908_22,1.872330367,1.877273723,1.710615471,1.876373626,1.903622693
X180914_14,1.153846154,1.12202381,1.311594203,1.333333333,1.749145591
X180914_24,1.153846154,1.12202381,1.311594203,1.67032967,1.749145591
X180914_50,1.289230769,1.12202381,1.337662338,1.505494505,1.47012987
X180922_6,1.339516129,1.118688197,1,1,1.47012987
X181112_61,1,1.103157895,1,1,1.337662338
X181115_35,1,1.080370292,1.47012987,1.607142857,1.553921569
X181115_39,1.22459893,1.260105806,1.749145591,1.789210789,1.67254902
X181116_63,1.252873563,1.17635239,1.50877193,1.333333333,1.553921569
X181124_30,1,1.080370292,1,1.505494505,1.368421053
X181124_58,1,1.155795785,1.337662338,1.505494505,1.337662338
X181126_34,1.583843159,1.342289172,1.883384933,1.815934066,1.917647059
X181179_46,1.647246941,1.643402249,1.903622693,1.856565657,1.913312693
X181180_6,1.117647059,1.048780488,1.166666667,1,1.337662338
X181192_33,1,1.080370292,1,1.505494505,1.337662338
X181233_51,1,1.098101266,1.166666667,1.45,1.581544771
X181369_19,1,1.046511628,1.181818182,1.25,1.80861244
X181369_36,1.45444262,1.515062713,1.903622693,1.876373626,1.909774436
X181447_62,1.321524064,1.298016833,1.845201238,1.45,1.80861244
X181448_8,1.895856507,1.881336827,1.710615471,1.45,1.368421053
X181476_21,1.676125582,1.642804544,1.80861244,1.869130869,1.885030759
X181565_51,1.117647059,1.078787879,1.543948805,1.45,1.749145591
X181577_44,1.22459893,1,1.337662338,1.505494505,1.673957621
X181583_29,1.117647059,1.043478261,1.311594203,1.505494505,1.337662338
X181596_27,1.321524064,1.126166587,1.311594203,1.285714286,1.790299278
X181612_28,1.855528722,1.88155035,1.749145591,1.505494505,1.624148607
X181615_65,1.125,1,1.166666667,1,1.47012987
X181647_66,1.766344661,1.56968627,1.901656315,1.67032967,1.853588517
X181685_49,1.133333333,1.108763693,1.47012987,1.607142857,1.45
X181702_31,1.831593928,1.759182398,1.885030759,1.923809524,1.913312693
X181719_39,1.409047783,1.560995621,1.859683794,1.745454545,1.885030759
X181748_36,1.45444262,1.725774226,1.913312693,1.919191919,1.222222222
X181748_62,1.675606641,1.651369464,1.905882353,1.745454545,1
X181831_9,1,1,1.2,1.285714286,1.581544771
X181851_66,1.133333333,1,1,1.666666667,1.2
X181899_25,1,1.078787879,1.181818182,1.45,1.337662338
X181935_51,1.409047783,1.82294283,1,1,1
X181935_54,1.724512679,1.871713304,1.634763787,1.505494505,1.181818182
X181995_44,1,1.055555556,1.2,1,1.745454545
X182012_18,1.705982906,1.839133592,1.833333333,1.607142857,1.869130869
X182012_23,1.642002442,1.766926235,1.764705882,1.607142857,1.869130869
X182025_15,1,1,1.181818182,1,1.47012987
X182139_35,1.321524064,1.118688197,1,1,1.337662338
X182161_52,1.22459893,1.078787879,1,1.333333333,1.222222222
X182165_30,1,1.045454545,1.47012987,1.815934066,1.285714286
X182202_7,NA,NA,1.222222222,1,1.45
X182291_65,1.430589544,1.487112413,1.80861244,1.915084915,1.337662338
X182350_13,1,1.311786315,1.581544771,1,1.337662338
X182378_30,1,1,1.166666667,1,1.2
X182380_48,1.321524064,1.255393404,1.311594203,1.911538462,1.47012987
X182401_23,1.801944972,1.838912585,1,1,1
X182401_49,1,1,1.2,1.4,1.911538462
X182454_10,1,1,1,1,1.368421053
X182557_26,1.133333333,1.260720777,1.166666667,1.25,1.673957621
X182571_8,1.22459893,1.211958969,1.166666667,1.45,1.581544771
X182634_42,1.339516129,1.162095372,1,1.333333333,1.47012987
X182634_54,1.339516129,1.162095372,1,1.333333333,1.47012987
X182683_26,1,1.045454545,1.166666667,1,1.337662338
X182734_16,NA,NA,1.436758893,1.607142857,1.883384933
X182734_36,NA,NA,1.543948805,1.607142857,1.883384933
X182734_56,NA,NA,1,1,1.624148607
X182744_10,1.153846154,1,1,1,1.47012987
X182744_12,1.153846154,1,1,1,1.47012987
X182744_36,1.153846154,1,1,1,1.47012987
X182783_23,1.409047783,1.466553788,1.710615471,1.789210789,1.853588517
X182839_45,1.634763787,1.82643143,1.727472527,1.939393939,1.853588517
X182839_52,1.436758893,1.319597593,1.25,1.575757576,1.581544771
X182891_27,1,1.042553191,1,1.25,1.47012987
X182934_66,1.898776418,1.703703536,1.859683794,1.919191919,1.908496732
X182962_16,1.804542125,1.86616185,1.181818182,1.25,1
X182999_44,1.142857143,1.24866464,1.311594203,1.45,1.405228758
X183053_38,1,1.078787879,1.166666667,1,1.337662338
X183065_32,1.815544609,1.882526882,1.886034256,1.923076923,1.909774436
X183097_56,1,1.04,1,1.745454545,1.50877193
X183098_50,1.321524064,1.324041326,1.337662338,1,1.47012987
X183114_42,1.142857143,1.184461368,1.47012987,1,1.47012987
X183159_66,1,1.048780488,1.368421053,1.25,1.505494505
X183169_65,1,1,1.2,1,1.45
X183197_16,1.538222952,1.211958969,1.710615471,1.45,1.67254902
X183197_44,1.538222952,1.131697893,1.543948805,1,1.67254902
X183197_63,1.538222952,1.131697893,1.543948805,1,1.67254902
X183264_59,1.790739711,1.713780189,1.181818182,1.25,1.673957621
X183277_45,1.289230769,1.184461368,1.789210789,1,1.885030759
X183277_51,1.407692308,1.184461368,1.789210789,1,1.885030759
X183277_54,1.289230769,1.184461368,1.789210789,1,1.885030759
X183289_41,1.339516129,1.586898105,1.772727273,1.607142857,1.908496732
X183308_22,1,1,1,1,1.47012987
X183314_35,1.117647059,1.121080627,1.166666667,1.727472527,1.337662338
X183314_58,1.676125582,1.860399298,1.772727273,1.67032967,1.903622693
X183332_6,1.237903226,1.15888331,1.311594203,1.25,1.337662338
X183425_11,1.897360704,1.794094958,1.772727273,1.833333333,1.880718954
X183433_14,1.430589544,1.292443097,1.790299278,1.333333333,1.845201238
X183509_21,1.321524064,1.360689171,1.311594203,1.333333333,1.405228758
X183579_58,1.750250278,1.704736852,1.859683794,1.815934066,1.853588517
X183607_5,1.558176643,1.734478741,1.772727273,1.727472527,1.905882353
X183669_58,1.676125582,1.695184205,1.901656315,1.789210789,1.885030759
X183792_29,1.409047783,1.329907344,1.543948805,1.789210789,1.581544771
X183898_23,1.166666667,1.391517022,1.634763787,1.505494505,1.581544771
X183900_32,1,1,1.166666667,1,1.337662338
X183921_20,1,1,1,1.607142857,1.368421053
X183993_55,1,1.093516925,1.47012987,1.505494505,1.833333333
X184157_11,1,1.235315876,1.749145591,1.67032967,1.80861244
X184157_32,1.321524064,1.298016833,1.885030759,1.869130869,1.80861244
X184210_65,1.853588517,1.585778927,1.749145591,1.915084915,1.913312693
X184409_46,1,1.292443097,1.50877193,1.285714286,1.876373626
X184465_39,1,1.162095372,1.311594203,1,1.673957621
X184517_9,1.117647059,1.155795785,1.311594203,1,1.405228758
X184517_26,1.117647059,1.152825711,1.311594203,1,1.405228758
X184529_13,1,1.083733699,1,1.505494505,1.47012987
X184592_16,1.75995116,1.649399027,1.368421053,1.727472527,1.885030759
X184688_41,1.558176643,1.582984431,1.50877193,1,1.80861244
X184754_58,1.125,1.126166587,1.311594203,1.815934066,1.337662338
X184799_23,1.252873563,1.152825711,1.311594203,1.45,1.47012987
X184799_27,1.359605911,1.04,1.166666667,1,1.337662338
X184921_15,1.480976801,1.283682418,1.436758893,1.67032967,1.50877193
X185003_26,1.620816802,1.87996364,1.673957621,1,1.880718954
X185073_23,1,1,1,1.285714286,1.624148607
X185192_55,1.237903226,1.042553191,1.181818182,1,1.368421053
X185192_66,1.339516129,1.162095372,1.181818182,1,1.368421053
X185272_15,1,1.055555556,1.166666667,1,1.337662338
X185272_45,1,1.055555556,1.166666667,1,1.337662338
X185330_65,1.117647059,1.041666667,1.166666667,1.607142857,1.337662338
X185550_64,1.359605911,1.43927381,1.311594203,1.45,1.909774436
X185637_37,1.22459893,1.118688197,1,1,1.337662338
X185752_8,1.382173382,1.255393404,1.543948805,1,1.47012987
X185752_44,1.567277167,1.652626411,1.901656315,1.923076923,1.903622693
X185854_19,1,1.085523172,1.166666667,1,1.624148607
X186004_51,1.801944972,1.487112413,1.673957621,1.505494505,1.917647059
X186262_64,1.558176643,1.746154327,1,1,1
X186343_56,1,1.184461368,1.311594203,1,1.581544771
X186413_11,1,1.12202381,1.368421053,1,1.624148607
X186473_16,1,1,1,1,1.581544771
X186474_60,1.117647059,1.042553191,1.436758893,1,1.607142857
X186497_63,1.321524064,1.595426174,1.901656315,1.815934066,1.903622693
X186536_28,1.409047783,1.270067463,1.908496732,1.833333333,1.853588517
X186536_29,1.339516129,1.165439641,1.833333333,1.833333333,1.853588517
X186581_20,1.567277167,1.598328053,1.906832298,1.915084915,1.903622693
X186583_40,1.487752286,1.168924424,1.166666667,1.25,1.581544771
X186682_48,1,1.047619048,1,1,1.337662338
X186686_57,1.117647059,1.188123609,1.543948805,1.789210789,1.673957621
X186733_63,1.895856507,1.834812906,1.673957621,1.45,1.717234262
X186762_48,1.321524064,1.264993859,1,1.607142857,1.337662338
X186812_26,1.237903226,1.603776562,1.772727273,1.93006993,1.853588517
X186899_55,1.321524064,1.118688197,1,1.815934066,1.673957621
X186905_29,1,1.040816327,1.815934066,1,1.2
X186947_14,1.321524064,1.230814037,1,1.67032967,1.337662338
X186947_17,1.321524064,1.230814037,1,1.67032967,1.337662338
X186949_26,1.125,1,1.166666667,1.25,1.337662338
X186957_51,1.359605911,1.444292934,1.436758893,1.939393939,1.749145591
X187047_50,1.822134387,1.580333626,1.717234262,1.745454545,1.905882353
X187056_30,1.487752286,1.270067463,1.47012987,1.789210789,1.913312693
X187108_62,1,1.040816327,1.47012987,1,1.47012987
X187110_13,1.801944972,1.726160486,1.166666667,1.285714286,1
X187113_64,1,1,1.368421053,1,1.505494505
X187164_44,1,1.052631579,1,1,1.368421053
X187174_5,1.26984127,1.335037919,1,1.25,1.337662338
X187177_66,1.125,1.089341693,1.285714286,1,1.624148607
X187243_34,1.88698896,1.748684512,1.772727273,1.727472527,1.853588517
X187257_60,1.430589544,1.581450129,1.905882353,1.919191919,1.911538462
X187263_46,1.510635452,1.311786315,1.311594203,1.505494505,1.764705882
X187348_54,1.117647059,1.082017544,1.166666667,1,1.581544771
X187394_62,1,1,1,1,1.581544771
X187429_55,1.766344661,1.582984431,1.166666667,1.833333333,1.790299278
X187473_40,1,1,1,1,1.749145591
X187479_62,1.409047783,1.222305274,1.181818182,1,1.405228758
X187501_47,1.894773159,1.846032976,1.772727273,1.911538462,1.905882353
X187528_37,1.724512679,1.465572436,1.909774436,1.876373626,1.673957621
X187577_39,1.117647059,1.140966576,1.311594203,1.25,1.337662338
X187613_22,1.886935287,1.726160486,1.876373626,1.939393939,1.727472527
X187679_45,1.487752286,1.377246651,1.886034256,1.876373626,1.853588517
X187690_36,1.125,1.044444444,1.311594203,1,1.553921569
X187747_22,1,1.151635846,1.311594203,1,1.581544771
X187747_46,1,1.151635846,1.311594203,1,1.581544771
X187769_36,1,1.159691482,1.624148607,1,1.624148607
X187814_8,1.22459893,1.255393404,1.166666667,1.45,1.50877193
X187826_56,1.487752286,1.255393404,1.634763787,1.727472527,1.749145591
X187903_47,1.831593928,1.564150879,1.906832298,1.911538462,1.903622693
X187917_34,1.311594203,1.307018797,1.607142857,1.505494505,1.80861244
X187924_65,1,1,1,1,1.50877193
X187938_57,1.750250278,1.457927391,1.853588517,1.919191919,1.883384933
X187982_63,1.117647059,1,1.166666667,1.25,1.47012987
X188022_21,1.321524064,1.121080627,1.25,1,1.607142857
X188086_53,1.724512679,1.843113403,1.901656315,1.815934066,1.883384933
X188181_30,1.873943419,1.877733106,1.634763787,1.45,1.2
X188202_39,1.339516129,1.311786315,1.166666667,1,1.47012987
X188240_42,1.289230769,1.24866464,1.47012987,1.5,1.67254902
X188299_43,1.339516129,1.222305274,1,1,1.337662338
X188422_32,1.117647059,1.411991872,1.710615471,1,1.883384933
X188503_8,1.125,1,1.311594203,1,1.337662338
X188558_59,1.368421053,1.189947399,1.624148607,1,1.337662338
X188578_14,1,1,1.181818182,1,1.45
X188593_21,1.133333333,1.128873,1,1.25,1.25
X188623_35,1.558176643,1.778317237,1.772727273,1.911538462,1.923076923
X188642_11,1,1,1.436758893,1.25,1.553921569
X188672_55,1.558176643,1.642804544,1.883384933,1.869130869,1.885030759
X188686_40,1,1.121080627,1.436758893,1,1.553921569
X188714_63,1.133333333,1.143955276,1.181818182,1,1.337662338
X188714_65,1.133333333,1.143955276,1.181818182,1,1.337662338
X188722_46,1.252873563,1.578280184,1.543948805,1.5,1.607142857
X188734_63,1.22459893,1.091381669,1,1.285714286,1.337662338
X188885_37,1,1.085523172,1.181818182,1.869130869,1.47012987
X188885_40,1,1.043478261,1.181818182,1.67032967,1.337662338
X188888_9,1.125,1.25496457,1.845201238,1.285714286,1.337662338
X188888_52,1,1.055555556,1.2,1,1.673957621
X188895_48,1.895856507,1.861188437,1.710615471,1.67032967,1.673957621
X188907_29,1,1,1,1,1.47012987
X188997_45,1.487752286,1.380950145,1.710615471,1.919191919,1.93006993
X189005_9,1.886034256,1.882680806,1.727472527,1.923809524,1
X189055_17,1.89706258,1.877519322,1.822134387,1.876373626,1.885030759
X189109_61,1.873943419,1.831249163,1.886034256,1.607142857,1.885030759
X189157_40,1.894773159,1.880004509,1.634763787,1.815934066,1.337662338
X189286_55,1.872330367,1.660237855,1.859683794,1.815934066,1.624148607
X189286_59,1.125,1.397294836,1.311594203,1.815934066,1.845201238
X189352_48,1,1,1,1.575757576,1.337662338
X189432_28,1,1,1.166666667,1,1.47012987
X189432_29,1,1,1.166666667,1,1.47012987
X189432_30,1,1,1.166666667,1,1.47012987
X189434_54,1.125,1.137735611,1,1,1.405228758
X189434_58,1.125,1.137735611,1,1,1.405228758
X189434_65,1.125,1.047619048,1.368421053,1,1.405228758
X189464_49,1.125,1.089341693,1,1,1.337662338
X189499_63,1,1,1.553921569,1.4,1.405228758
X189501_43,1,1,1.311594203,1.67032967,1.47012987
X189732_46,1,1.060606061,1,1,1.581544771
X189752_24,1.142857143,1,1.368421053,1.333333333,1.553921569
X189754_28,1,1,1.181818182,1,1.337662338
X189758_37,1.409047783,1.411991872,1.822134387,1.911538462,1.885030759
X189851_66,1,1.043478261,1.50877193,1,1.222222222
X189936_20,1.133333333,1.382336531,1,1,1.368421053
X189974_38,1.409047783,1.226281546,1.47012987,1.25,1.581544771
X189996_9,1,1.128873,1,1,1.50877193
X190132_17,1.480976801,1.189947399,1.772727273,1.333333333,1.911538462
X190268_12,1.117647059,1.188123609,1,1.285714286,1.337662338
X190286_45,1.252873563,1.221298149,1.543948805,1,1.337662338
X190325_48,1.487752286,1.230814037,1.311594203,1.25,1.581544771
X190387_8,1.289230769,1,1,1,1.581544771
X190428_16,1.321524064,1.188123609,1.634763787,1.727472527,1.47012987
X190508_39,1.607142857,1.556915405,NA,NA,NA
X190684_12,1.117647059,1.116388374,1,1,1.337662338
X190712_13,1,1.041666667,1,1.607142857,1.581544771
X190721_65,1,1,1.337662338,1,1.337662338
X190736_42,1.237903226,1.083733699,1.634763787,1,1.2
X190840_9,NA,NA,1.337662338,1,1.405228758
X190910_38,1,1.04,1.543948805,1,1.337662338
X190988_32,1,1,1.543948805,1.745454545,1.717234262
X190988_44,1,1,1.543948805,1.745454545,1.717234262
X191228_19,1,1.04,1,1,1.581544771
X191230_63,1.870279146,1.649399027,1.885030759,1.833333333,1.883384933
X191307_60,1,1,1.166666667,1,1.47012987
X191356_58,NA,NA,1,1,1.368421053
X191532_54,1,1,1,1.607142857,1.581544771
X191546_21,1.166666667,1.129943503,1,1,1.47012987
X191598_26,1.851501669,1.841556045,1.901656315,1.727472527,1.80861244
X191598_53,1.851501669,1.841556045,1.901656315,1.727472527,1.80861244
X191871_17,1.142857143,1.0625,1.436758893,1,1.624148607
X191889_63,1.558176643,1.49750273,1.772727273,1.789210789,1.909774436
X191901_25,1,1,1.2,1.933333333,1.67254902
X192193_22,1,1,1.181818182,1,1.47012987
X192218_57,1.558176643,1.592712843,1.772727273,1.727472527,1.80861244
X192236_17,1,1,1.436758893,1,1.50877193
X192325_11,1.237903226,1.15888331,1.181818182,1.45,1.673957621
X192325_15,1.252873563,1.15888331,1.181818182,1.45,1.673957621
X192487_58,1,1.222305274,1.543948805,1.333333333,1.673957621
X192546_40,1.894773159,1.861924888,1.822134387,1.67032967,1.883384933
X192609_25,1.676125582,1.770194861,1.883384933,1.815934066,1.337662338
X192656_19,1,1,1.337662338,1.4,1.45
X192714_40,1,1,1.166666667,1.45,1.222222222
X192757_25,1,1.199334252,1.50877193,1,1.405228758
X192781_9,1,1.060606061,1.368421053,1,1.405228758
X192808_28,1.133333333,1,1.311594203,1.45,1.337662338
X192886_17,1,1.04,1.436758893,1.505494505,1.581544771
X192912_5,1.873943419,1.835476646,1.822134387,1.815934066,1.853588517
X192928_23,1,1.043478261,1,1.285714286,1.47012987
X192940_15,1,1,1,1.45,1.337662338
X192953_41,1.339516129,1.43927381,1.543948805,1,1.853588517
X192994_6,1.620816802,1.574720655,1.634763787,1.876373626,1.749145591
X193002_11,1.125,1.118688197,1.311594203,1,1.581544771
X193002_28,1.125,1.118688197,1.311594203,1,1.581544771
X193022_59,1,1.041666667,1.166666667,1.25,1.47012987
X193031_56,1.724512679,1.260105806,1.822134387,1.93006993,1.903622693
X193093_5,1.321524064,1.397294836,1.166666667,1.25,1.673957621
X193191_14,1.790635452,1.856331503,1.833333333,1.745454545,1.853588517
X193197_68,1,1.168648735,1.222222222,1.505494505,1.368421053
X193200_40,1.801944972,1.746154327,1.166666667,1.505494505,1.181818182
X193251_33,1.511818687,1.226480229,1.311594203,1.45,1.47012987
X193263_33,1.675606641,1.298621768,1.436758893,1,1.845201238
X193276_48,1.22459893,1.260105806,1.581544771,1.915084915,1.853588517
X193276_52,1.22459893,1.318377293,1.166666667,1.67032967,1.581544771
X193278_48,1,1,1,1,1.581544771
X193311_42,1.133333333,1.126166587,1.47012987,1.285714286,1.905882353
X193342_29,1.480976801,1.582306627,1.673957621,1.67032967,1.903622693
X193361_62,1.117647059,1.080370292,1.772727273,1.607142857,1.47012987
X193371_44,1,1.093516925,1,1,1.337662338
X193378_20,1.611713191,1.532655914,1.673957621,1,1.749145591
X193381_13,1.321524064,1.19171825,1.436758893,1.607142857,1.337662338
X193461_8,1,1.33223005,1.50877193,1.745454545,1.833333333
X193461_65,1,1.33223005,1.50877193,1.745454545,1.917647059
X193484_12,1,1,1.166666667,1.45,1.749145591
X193510_58,1.237903226,1.260720777,1.543948805,1.876373626,1.749145591
X193604_57,1.339516129,1.298016833,1.311594203,1.607142857,1.581544771
X193605_35,1.22459893,1.199334252,1,1,1.581544771
X193605_37,1.117647059,1.082017544,1,1,1.581544771
X193619_48,1.487752286,1.595426174,1.47012987,1,1.717234262
X193619_49,1.487752286,1.595426174,1.47012987,1,1.717234262
X193619_62,1.487752286,1.595426174,1.47012987,1,1.717234262
X193641_53,1,1.203372755,1.285714286,1,1.505494505
X193669_28,1.898776418,1.873867549,1.909774436,1.911538462,1.853588517
X193694_38,1.117647059,1.116388374,1.436758893,1.727472527,1.673957621
X193699_9,1,1.118688197,1,1.45,1.337662338
X193708_52,1.487752286,1.553170247,1.822134387,1.876373626,1.905882353
X193714_26,1.22459893,1.083733699,1.311594203,1,1.47012987
X193720_22,NA,NA,1,1,1.45
X193720_39,NA,NA,1.553921569,1.25,1.607142857
X193721_11,1.647246941,1.63926753,1.673957621,1.727472527,1.853588517
X193733_50,1.22459893,1.04,1.181818182,1.575757576,1.717234262
X193741_20,1.676125582,1.726160486,1.906832298,1.911538462,1.903622693
X193762_22,1.75995116,1.776359716,1.337662338,1.833333333,1.93006993
X193764_67,1,1.128873,1.337662338,1.607142857,1.581544771
X193767_28,1.125,1.266468846,1.181818182,1.505494505,1.80861244
X193792_24,NA,NA,1,1,1.337662338
X193805_39,1,1,1.337662338,1.727472527,1.673957621
X193909_59,1.80861244,1.668193486,1.772727273,1.911538462,1.853588517
X193942_40,1.647246941,1.728042391,1.845201238,1.789210789,1.885030759
X193942_46,1.430589544,1.678475265,1.717234262,1.789210789,1.885030759
X193961_61,1.117647059,1.080370292,1,1,1.337662338
X193988_27,1.339516129,1.15888331,1.634763787,1.285714286,1.905882353
X194117_9,1.22459893,1.121080627,1.47012987,1.285714286,1.368421053
X194134_5,1.237903226,1.082017544,1,1,1.337662338
X194142_36,1.894773159,1.851972006,1.906832298,1.911538462,1.624148607
X194162_33,1.26984127,1.292443097,1.749145591,1.607142857,1.908496732
X194205_25,1.487752286,1.255393404,1.543948805,1.607142857,1.790299278
X194205_37,1.487752286,1.255393404,1.543948805,1.607142857,1.790299278
X194300_62,1,1.043478261,1.543948805,1.25,1.47012987
X194367_56,1.864214047,1.759400733,1,1,1
X194368_42,1,1.058823529,1.333333333,1,1.285714286
X194373_21,1.624148607,1.56441396,1.905882353,1.607142857,1.853588517
X194416_66,1,1.140966576,1.607142857,1.919191919,1.505494505
X194548_7,1,1,1.166666667,1,1.337662338
X194562_33,1.436758893,1.333827847,1.553921569,1.923809524,1.624148607
X194569_36,NA,NA,1.47012987,1,1.405228758
X194580_44,1.887068966,1.779805757,1.853588517,1.727472527,1.581544771
X194624_12,1.620816802,1.432164693,1.634763787,1.911538462,1.903622693
X194634_22,1.558176643,1.446611338,1.906832298,1.789210789,1.853588517
X194634_37,1,1,1.311594203,1,1.47012987
X194672_52,NA,NA,1.166666667,1.25,1.553921569
X194678_12,1.237903226,1.091381669,1,1,1.47012987
X194702_40,1,1.111801242,1.337662338,1,1.727472527
X194709_56,1.117647059,1.04,1.181818182,1,1.337662338
X194746_53,1.237903226,1,1.181818182,1,1.47012987
X194843_45,1.430589544,1.643402249,1.822134387,1.876373626,1.581544771
X194864_65,1.558176643,1.574720655,1.906832298,1.915084915,1.853588517
X194890_23,1,1,1,1.25,1.337662338
X195004_56,1.567277167,1.137735611,1.634763787,1.505494505,1.581544771
X195015_14,1.831593928,1.866848186,1.822134387,1.789210789,1.222222222
X195015_16,1.831593928,1.866848186,1.822134387,1.789210789,1.222222222
X195024_7,1.558176643,1.222305274,1,1.67032967,1.581544771
X195025_66,1,1,1.166666667,1,1.717234262
X195037_21,1,1.108763693,1,1,1.368421053
X195077_56,1.125,1.121080627,1.543948805,1.45,1.50877193
X195102_10,1.430589544,1.473184205,1.710615471,1.876373626,1.853588517
X195102_33,1.237903226,1.329907344,1.166666667,1.25,1.337662338
X195140_26,1,1.087390762,1,1.25,1.368421053
X195140_40,1,1.087390762,1,1.25,1.368421053
X195164_41,1.125,1.048780488,1.166666667,1.505494505,1.368421053
X195246_32,1,1,1.166666667,1,1.368421053
X195271_25,1,1.095754291,1.45,1.67032967,1.727472527
X195271_50,1,1.095754291,1.45,1.67032967,1.727472527
X195279_7,1.766344661,1.804373378,1.543948805,1,1.673957621
X195322_60,1.339516129,1.235315876,1.311594203,1,1.581544771
X195334_47,1,1,1,1,1.80861244
X195344_40,1,1,1,1.505494505,1.337662338
X195449_18,1,1,1,1.505494505,1.337662338
X195488_34,1,1.085523172,1,1,1.337662338
X195502_33,1,1,1.311594203,1,1.337662338
X195563_29,1.125,1.083733699,1,1.333333333,1.337662338
X195579_18,1,1.118414918,1,1,1.368421053
X195608_32,1,1,1.436758893,1,1.337662338
X195648_42,1.117647059,1.04,1.311594203,1.856565657,1.553921569
X195649_60,1.125,1,1.311594203,1,1.50877193
X195649_61,1.125,1,1.311594203,1,1.50877193
X195667_31,1.702558398,1.774794097,1.901656315,1.727472527,1.80861244
X195677_13,1.88698896,1.882536707,1.710615471,1.45,1.581544771
X195687_33,1,1,1.436758893,1,1.790299278
X195706_29,1,1.041666667,1,1,1.50877193
X195728_43,1,1.095754291,1,1.25,1.337662338
X195767_25,1,1.041666667,1,1,1.337662338
X195769_32,1.22459893,1.329907344,1.543948805,1.815934066,1.337662338
X195769_44,1.620816802,1.632314959,1.903622693,1.911538462,1.673957621
X195773_6,1.790739711,1.732302201,1.634763787,1.869130869,1.909774436
X195788_35,1,1.047619048,1.181818182,1,1.368421053
X195815_66,1.142857143,1.441560119,1.853588517,1.911538462,1.880718954
X195877_58,1.702558398,1.831930639,1.607142857,1.727472527,1.853588517
X195911_22,1.26984127,1.211958969,1.581544771,1.833333333,1.833333333
X195957_58,1.237903226,1.360689171,1.166666667,1,1.337662338
X195957_64,1.237903226,1.360689171,1.166666667,1,1.337662338
X195967_11,1.487752286,1.199334252,1.311594203,1.25,1.581544771
X195975_34,1.125,1,1.166666667,1.25,1.181818182
X196005_67,1.117647059,1.04,1.166666667,1.333333333,1.337662338
X196028_15,1.898412698,1.808370661,1.903622693,1.911538462,1.883384933
X196028_31,1.898412698,1.734478741,1.853588517,1.911538462,1.905882353
X196028_45,1.898412698,1.734478741,1.853588517,1.911538462,1.905882353
X196042_29,1.583843159,1.351428835,1.337662338,1.25,1.885030759
X196048_25,1.873943419,1.831249163,1,1.285714286,1
X196055_13,1,1,1,1,1.47012987
X196076_14,1.289230769,1.419524506,1.543948805,1,1.47012987
X196096_15,1.409047783,1.045454545,1.47012987,1.727472527,1.749145591
X196096_24,1.409047783,1.045454545,1.47012987,1.607142857,1.673957621
X196170_11,1.822134387,1.808842729,1.901656315,1.93006993,1.673957621
X196170_34,1.772727273,1.84038254,1.166666667,1.505494505,1
X196197_21,1.153846154,1.239995634,1,1.285714286,1.624148607
X196203_10,1.831593928,1.726160486,1.772727273,1.607142857,1.673957621
X196261_8,1.26984127,1.335986117,1.47012987,1.607142857,1.853588517
X196344_63,1.409047783,1.24866464,1.2,1.505494505,1.607142857
X196386_37,1.22459893,1.287410184,1.859683794,1,1.47012987
X196390_32,1.436758893,1.641219296,1.673957621,1.505494505,1.581544771
X196430_64,1.895856507,1.88318274,1.710615471,1,1.50877193
X196469_47,1.790739711,1.813986701,1.901656315,1.815934066,1.903622693
X196481_58,1,1.043478261,1.311594203,1.333333333,1.80861244
X196507_14,1,1.230814037,1.543948805,1.727472527,1.581544771
X196539_14,1.870279146,1.883008309,1.624148607,1.285714286,1.368421053
X196578_7,1.558176643,1.287410184,1.859683794,1.45,1.885030759
X196581_48,1.88698896,1.858106587,1.822134387,1.869130869,1.903622693
X196595_8,1.22459893,1.324041326,1,1,1.337662338
X196628_10,NA,NA,1.222222222,1.333333333,1.505494505
X196628_13,NA,NA,1.222222222,1.333333333,1.505494505
X196666_48,1,1.046511628,1.47012987,1,1.337662338
X196688_24,NA,NA,1,1,1.45
X196699_37,1.117647059,1.195452384,1.166666667,1,1.47012987
X196778_35,1.117647059,1.126166587,1,1.45,1.47012987
X196875_49,1.801944972,1.861188437,1.634763787,1.911538462,1.673957621
X196916_33,1.558176643,1.595426174,1.436758893,1.285714286,1.749145591
X196950_67,1.339516129,1.478463821,1.717234262,1.5,1.815934066
X196952_40,1.790739711,1.881336827,1.749145591,1.45,1.880718954
X196957_52,1.430589544,1.383706413,1.311594203,1.25,1.885030759
X196983_48,1.117647059,1,1,1.25,1.47012987
X197008_30,1.558176643,1.19171825,1.543948805,1.285714286,1.909774436
X197015_11,1.511818687,1.226480229,1.634763787,1.45,1.581544771
X197024_58,1.133333333,1.044444444,1,1,1.624148607
X197044_11,1,1,1.311594203,1.67032967,1.581544771
X197087_35,1.125,1.465572436,1.181818182,1.666666667,1.673957621
X197105_27,1,1.041666667,1.436758893,1.45,1.337662338
X197127_25,1,1.219807585,1.673957621,1,1.853588517
X197148_35,1.321524064,1.15888331,1.47012987,1.25,1.337662338
X197165_49,1.436758893,1.370004991,1.853588517,1.856565657,1.885030759
X197281_14,1,1,1.2,1,1.337662338
X197417_35,1,1.04,1.166666667,1.25,1.845201238
X197448_48,1.237903226,1.126166587,1.543948805,1,1.337662338
X197477_50,1.237903226,1.260105806,1.634763787,1.45,1.80861244
X197493_37,1,1.048780488,1.337662338,1,1.222222222
X197621_18,1.117647059,1.211958969,1.50877193,1.915084915,1.880718954
X197691_38,1.321524064,1.116388374,1.710615471,1.67032967,1.624148607
X197723_46,1.676125582,1.441560119,1.853588517,1.67032967,1.903622693
X197778_60,1.117647059,1.083733699,1.337662338,1,1.337662338
X197870_17,1.831593928,1.771508648,1.886034256,1.911538462,1.80861244
X197870_18,1.831593928,1.771508648,1.886034256,1.911538462,1.80861244
X198005_58,1.133333333,1.324041326,1.166666667,1.607142857,1.749145591
X198012_59,1.339516129,1.184461368,1.2,1.285714286,1.67254902
X198026_17,1.117647059,1.116388374,1,1,1.368421053
X198085_39,1.887068966,1.748684512,1.901656315,1.869130869,1.790299278
X198085_47,1.511818687,1.195452384,1.634763787,1,1.905882353
X198182_13,1.705982906,1.850674459,1.222222222,1,1
X198194_19,1.125,1.116388374,1.436758893,1,1.47012987
X198194_62,1.237903226,1.377246651,1.634763787,1.727472527,1.581544771
X198198_55,1,1.042553191,1.166666667,1.25,1.337662338
X198235_26,1,1.054054054,1,1,1.47012987
X198245_16,1.125,1.089341693,1.166666667,1.285714286,1.337662338
X198288_37,1.237903226,1.093516925,1.50877193,1.285714286,1.80861244
X198306_46,1,1.173513986,1.368421053,1,1.405228758
X198342_57,1.117647059,1.335037919,1.717234262,1.505494505,1.607142857
X198366_19,1.675606641,1.506848498,1.901656315,1.911538462,1.903622693
X198376_25,1.873943419,1.780704223,1.901656315,1.856565657,1.903622693
X198433_28,1.430589544,1.089341693,1.50877193,1.67032967,1.581544771
X198479_34,1,1.043478261,1.337662338,1,1.47012987
X198492_11,1.117647059,1,1.166666667,1,1.368421053
X198590_24,1.117647059,1.222305274,1.581544771,1.45,1.790299278
X198596_18,1.430589544,1.530758883,1.634763787,1.923809524,1.845201238
X198634_8,1.2,1.118414918,1.311594203,1.919191919,1.624148607
X198645_55,1.84029304,1.599956935,1.906832298,1.869130869,1.905882353
X198678_31,1.22459893,1.226480229,1.311594203,1.4,1.337662338
X198700_14,1,1.162095372,1.47012987,1.285714286,1.727472527
X198700_58,1,1.083733699,1,1.25,1.607142857
X198786_40,1.898776418,1.76211905,1.634763787,1.815934066,1.673957621
X198786_50,1.898776418,1.76211905,1.634763787,1.815934066,1.673957621
X198790_48,1.873943419,1.880044145,1.901656315,1.815934066,1.903622693
X198794_12,1,1,1,1,1.764705882
X198794_21,1,1.082017544,1.166666667,1.25,1.764705882
X198816_6,1.45444262,1.556915405,1.906832298,1.923809524,1.905882353
X198816_9,1,1,1.47012987,1.666666667,1.368421053
X198816_10,1,1,1.47012987,1.666666667,1.368421053
X198816_60,1.133333333,1.198120774,1.543948805,1.4,1.845201238
X198848_5,1.25,1.168648735,1.222222222,1.666666667,1.883384933
X198864_18,1.321524064,1.328251446,1.337662338,1.505494505,1.581544771
X198865_30,1.430589544,1.645351484,1.543948805,1.607142857,1.853588517
X198866_31,1.790635452,1.872687439,1.166666667,1,1
X198930_68,1,1.044444444,1,1,1.581544771
X198953_62,1.724512679,1.835476646,1.764705882,1.952380952,1.727472527
X199011_47,1,1,1.166666667,1,1.673957621
X199029_21,1.815544609,1.571058688,1.876373626,1.856565657,1.903622693
X199108_17,1.321524064,1.303615575,1,1,1.337662338
X199112_15,1.125,1,1.2,1,1.47012987
X199122_25,1,1,1.181818182,1,1.2
X199152_48,1.117647059,1,1.166666667,1,1.581544771
X199193_61,1,1,1,1,1.553921569
X199251_49,1.511818687,1.207577519,1.80861244,1.923076923,1.790299278
X199259_13,1.117647059,1.168648735,1.405228758,1.285714286,1.405228758
X199293_16,1.22459893,1.203132903,1,1.505494505,1.607142857
X199421_33,1.887064404,1.841556045,1.543948805,1.93006993,1.80861244
X199421_61,1.777011494,1.833583921,1.886034256,1.285714286,1.790299278
X199471_34,1,1,1.311594203,1,1.368421053
X199488_29,1.133333333,1,1.311594203,1.285714286,1.673957621
X199497_29,1.133333333,1.188801072,1.181818182,1,1.581544771
X199531_50,1.359605911,1.360689171,1.181818182,1.607142857,1.581544771
X199568_58,1.511818687,1.578280184,1.749145591,1.789210789,1.80861244
X199571_49,1.436758893,1.362672029,1.883384933,1.67032967,1.553921569
X199571_51,1,1,1,1,1.67254902
X199713_23,1.117647059,1.123571365,1.47012987,1.45,1.717234262
X199713_65,1.117647059,1.083733699,1.337662338,1.45,1.553921569
X199751_55,1,1.199334252,1.436758893,1.607142857,1.337662338
X199760_46,1.321524064,1.195452384,1.749145591,1.607142857,1.749145591
X199765_33,1.22459893,1.047619048,1.166666667,1.25,1.80861244
X199782_13,1.22459893,1.506848498,1.710615471,1.915084915,1.885030759
X199782_14,1.22459893,1.506848498,1.710615471,1.915084915,1.885030759
X199817_34,1.873943419,1.838912585,1.906832298,1.923076923,1.853588517
X199817_58,1.117647059,1.458190744,1.634763787,1.727472527,1.673957621
X199840_52,1.117647059,1.162095372,1.311594203,1,1.337662338
X199889_13,1.153846154,1.180316051,1.166666667,1.856565657,1.903622693
X199914_36,1.321524064,1.367204339,1.822134387,1.815934066,1.853588517
X199962_47,1.133333333,1.305063863,1.311594203,1.285714286,1.581544771
X199998_50,1.117647059,1.260105806,1.166666667,1.25,1.581544771
X200006_56,1,1.046511628,1.166666667,1.45,1.337662338
X200034_54,1,1,1,1,1.624148607
X200048_27,1.430589544,1.226281546,1.886034256,1.869130869,1.908496732
X200083_65,1.22459893,1.155795785,1.772727273,1.911538462,1.673957621
X200119_34,1,1,1.543948805,1.25,1.581544771
X200144_51,1.894773159,1.879921793,1.80861244,1,1.47012987
X200144_52,1.894773159,1.879921793,1.80861244,1,1.47012987
X200172_48,1.904347826,1.883008309,1.903622693,1.928571429,1.845201238
X200173_20,1,1,1.543948805,1.25,1.581544771
X200199_22,1.117647059,1,1.181818182,1,1.337662338
X200209_54,1.45444262,1.538762222,1.901656315,1.856565657,1.913312693
X200211_33,1,1.044444444,1.166666667,1.505494505,1.673957621
X200235_47,1,1,1.25,1,1.25
X200255_10,1.22459893,1.324041326,1.436758893,1.789210789,1.47012987
X200313_14,1.125,1.354396669,1.634763787,1.607142857,1.80861244
X200327_30,1.870279146,1.860399298,1.311594203,1.25,1.222222222
X200333_13,1.125,1,1.311594203,1,1.50877193
X200348_10,1.117647059,1.226480229,1.543948805,1.505494505,1.673957621
X200352_25,1.117647059,1.080370292,1.166666667,1,1.368421053
X200365_32,1.117647059,1.078787879,1.859683794,1.869130869,1.790299278
X200368_28,1,1.105886709,1,1.285714286,1.673957621
X200376_65,1.289230769,1.632483306,1.909774436,1.856565657,1.905882353
X200398_10,1.359605911,1.239995634,1.166666667,1.67032967,1.673957621
X200410_53,1.724512679,1.848809691,1.906832298,1.876373626,1.80861244
X200413_14,1.851501669,1.797909668,1.673957621,1.67032967,1.80861244
X200480_66,1.750250278,1.405189705,1.581544771,1.911538462,1.717234262
X200558_15,1.873943419,1.760011976,1.903622693,1.923076923,1.67254902
X200566_65,1.583843159,1.652626411,1.581544771,1.876373626,1.909774436
X200568_35,1,1,1,1,1.553921569
X200574_60,1.897360704,1.822470121,1.822134387,1.727472527,1.909774436
X200648_43,1.894773159,1.861924888,1.50877193,1.856565657,1.368421053
X200648_60,1.676125582,1.591460764,1.845201238,1.939393939,1.50877193
X200648_62,1.676125582,1.591460764,1.845201238,1.939393939,1.50877193
X200651_34,1,1,1.436758893,1.911538462,1.47012987
X200651_60,1,1.040816327,1.47012987,1.25,1.181818182
X200655_29,1.824388209,1.591460764,1.581544771,1.607142857,1.581544771
X200655_55,1,1.082017544,1.181818182,1,1.337662338
X200678_28,1.125,1.360689171,1.772727273,1.815934066,1.790299278
X200678_47,1.125,1.298016833,1.47012987,1.727472527,1.790299278
X200702_61,1.117647059,1,1.166666667,1,1.749145591
X200761_48,1,1.093516925,1,1,1.368421053
X200802_65,1,1.217375566,1,1,1.553921569
X200827_41,1.153846154,1.108763693,1.311594203,1,1.337662338
X200856_17,1.89706258,1.844201453,1.368421053,1.45,1.673957621
X200865_49,1.894773159,1.838912585,1.906832298,1.505494505,1.80861244
X200883_43,1.22459893,1.226480229,1.166666667,1,1.581544771
X200900_25,1.26984127,1.360689171,1.710615471,1,1.337662338
X200900_38,1.142857143,1,1.166666667,1.67032967,1.749145591
X200929_26,1.895856507,1.856331503,1.906832298,1.727472527,1.845201238
X200965_43,1.142857143,1.100566101,1.311594203,1,1.67254902
X200968_33,1,1,1.166666667,1,1.47012987
X200977_68,1,1.162095372,1.166666667,1.285714286,1.581544771
X201002_68,1.407692308,1.188801072,1.833333333,1.333333333,1.67254902
X201023_22,1,1,1.337662338,1,1.337662338
X201043_13,1.887068966,1.874103296,1.905882353,1.789210789,1.845201238
X201043_41,1,1,1,1,1.624148607
X201043_57,1.790739711,1.730082694,1.905882353,1.93006993,1.905882353
X201063_39,1,1.292443097,1.181818182,1.285714286,1.581544771
X201063_42,1.750250278,1.814134788,1.909774436,1.67032967,1.47012987
X201063_55,1.237903226,1.362672029,1.581544771,1.505494505,1.80861244
X201063_65,1,1,1.181818182,1,1.337662338
X201136_62,1.311594203,1.49009324,1.859683794,1.833333333,1.80861244
X201189_51,1.153846154,1.068965517,1,1.666666667,1.368421053
X201199_55,1.117647059,1.123571365,1.436758893,1.45,1.47012987
X201201_23,1,1.195452384,1,1.285714286,1.337662338
X201235_33,1.125,1.168924424,1.181818182,1,1.749145591
X201267_66,1.22459893,1.116388374,1.624148607,1.45,1.67254902
X201295_13,1,1,1,1.25,1.581544771
X201295_25,1.117647059,1.128873,1,1.607142857,1.581544771
X201295_29,1.750250278,1.696564639,1.822134387,1.911538462,1.673957621
X201327_37,NA,NA,1,1,1.624148607
X201328_33,1.583843159,1.348315896,1.337662338,1.607142857,1.885030759
X201336_20,1.430589544,1.354396669,1.181818182,1.45,1.581544771
X201351_9,1.153846154,1.435729756,1.710615471,1.607142857,1.845201238
X201366_40,1.153846154,1.098101266,1,1,1.285714286
X201404_25,1.407692308,1.388206562,1.368421053,1.575757576,1.50877193
X201421_35,1.22459893,1.303615575,1.634763787,1.727472527,1.581544771
X201459_56,1,1,1.581544771,1.45,1.368421053
X201479_41,1.321524064,1.116388374,1.166666667,1,1.337662338
X201485_14,1,1,1.405228758,1,1.575757576
X201514_25,1.510635452,1.4700373,1.673957621,1.876373626,1.790299278
X201525_68,1.777011494,1.821893847,1.909774436,1.67032967,1.749145591
X201555_31,1.409047783,1.207577519,1.368421053,1.333333333,1.405228758
X201585_19,1,1,1.311594203,1,1.337662338
X201635_44,1.487752286,1.540184779,1.853588517,1.923809524,1.853588517
X201686_42,1.538222952,1.411480359,1.772727273,1.915084915,1.909774436
X201754_32,1.133333333,1.173513986,1.673957621,1.4,1.80861244
X201826_19,1.886935287,1.877519322,1.883384933,1.856565657,1.853588517
X201826_65,1.382173382,1.275337267,1.368421053,1,1.337662338
X201859_50,1.22459893,1.193349107,1.311594203,1.607142857,1.749145591
X201859_51,1.22459893,1.193349107,1.311594203,1.607142857,1.749145591
X201879_57,1.717234262,1.525529992,1.368421053,1.869130869,1.727472527
X201905_68,1.22459893,1.116388374,1.710615471,1,1.47012987
X201911_42,1,1.126166587,1.181818182,1,1.581544771
X201929_20,1.855528722,1.806305186,1.903622693,1.727472527,1.917647059
X201952_56,1.801944972,1.660237855,1.886034256,1.815934066,1.903622693
X202005_58,1.766344661,1.84593947,1.436758893,1.45,1.853588517
X202006_41,1,1,1.311594203,1.607142857,1.581544771
X202024_11,1,1.047619048,1,1,1.368421053
X202047_49,1.558176643,1.538762222,1.886034256,1.815934066,1.903622693
X202079_20,1.750250278,1.815880322,1.311594203,1.815934066,1.581544771
X202079_49,1.125,1.311786315,1.436758893,1.727472527,1.903622693
X202092_46,1,1.121080627,1,1,1.727472527
X202150_55,1.125,1.126166587,1.710615471,1.505494505,1.581544771
X202170_15,1.117647059,1.04,1.166666667,1.25,1.47012987
X202229_65,1.407692308,1.131697893,1.624148607,1.333333333,1.833333333
X202278_39,1,1.089341693,1.311594203,1,1.47012987
X202291_24,1,1.05,1.673957621,1,1.575757576
X202291_36,1.289230769,1,1.47012987,1.575757576,1.575757576
X202334_14,1.766344661,1.595426174,1.901656315,1.911538462,1.790299278
X202337_26,1.487752286,1.506848498,1.853588517,1.915084915,1.917647059
X202352_20,1.599331104,1.649399027,1.853588517,1.727472527,1.909774436
X202352_23,1.543948805,1.649399027,1.853588517,1.727472527,1.909774436
X202352_42,1,1,1.337662338,1.45,1.337662338
X202375_10,1,1.275918526,1.553921569,1.4,1.717234262
X202375_51,1.2,1.368463481,1.405228758,1,1.368421053
X202386_48,1,1.203372755,1.436758893,1.25,1.67254902
X202418_47,1.873943419,1.87231926,1.883384933,1.923076923,1.903622693
X202423_38,1.22459893,1.328251446,1.886034256,1.911538462,1.47012987
X202642_13,1.855528722,1.82294283,1.903622693,1.25,1.885030759
X202642_21,1.855528722,1.82294283,1.903622693,1.25,1.885030759
X202646_67,1.750250278,1.687791877,1.764705882,1.505494505,1.883384933
X202688_66,1,1.121080627,1.166666667,1,1.337662338
X202701_20,1,1,1.166666667,1.505494505,1.47012987
X202701_21,1,1,1.166666667,1.505494505,1.47012987
X202770_31,1.22459893,1.303615575,1.543948805,1.25,1.581544771
X202770_39,1.22459893,1.303615575,1.543948805,1.25,1.581544771
X202830_38,1.22459893,1.260105806,1.166666667,1.505494505,1.337662338
X202836_42,1.851501669,1.786720791,1.436758893,1.607142857,1.181818182
X202857_5,1,1.041666667,1,1.285714286,1.50877193
X202865_17,1.511818687,1.586898105,1.624148607,1,1.876373626
X202868_25,1.117647059,1.040816327,1.166666667,1.833333333,1.2
X202915_17,1,1,1.166666667,1,1.337662338
X202920_26,1.22459893,1.085523172,1.311594203,1.25,1.337662338
X202933_61,1,1,1,1,1.368421053
X202981_36,1,1.202741703,1.673957621,1.67032967,1.505494505
X202995_40,1.237903226,1.098101266,1.2,1,1.25
X203067_6,1,1.305063863,1.311594203,1,1.47012987
X203101_59,1.824388209,1.826976188,1.181818182,1,1.47012987
X203120_44,1.567277167,1.73472551,1.908496732,1.789210789,1.876373626
X203138_20,NA,NA,1.25,1.505494505,1.45
X203138_64,NA,NA,1.222222222,1,1.45
X203142_17,1.676125582,1.360689171,1.311594203,1.789210789,1.581544771
X203153_31,1,1,1.50877193,1.45,1.405228758
X203218_29,1.252873563,1.128873,1.405228758,1,1.405228758
X203232_37,1.125,1.354396669,1.543948805,1.815934066,1.47012987
X203252_20,1.153846154,1.198120774,1,1,1.368421053
X203257_18,1.321524064,1.348315896,1.673957621,1.869130869,1.553921569
X203317_33,1.26984127,1.444292934,1.906832298,1.575757576,1.883384933
X203326_10,1.166666667,1.333827847,1.764705882,1.505494505,1.845201238
X203376_36,1.22459893,1.367204339,1.436758893,1,1.581544771
X203382_43,1.510635452,1.457020294,1.2,1,1.833333333
X203389_40,1.480976801,1.524283221,1.822134387,1.815934066,1.853588517
X203393_14,NA,NA,1,1,1.405228758
X203413_21,1,1,1.166666667,1,1.80861244
X203425_30,1,1.261589386,1.624148607,1.933333333,1.581544771
X203425_51,1,1.261589386,1.624148607,1.933333333,1.581544771
X203432_33,1.22459893,1.426281546,1.634763787,1.876373626,1.581544771
X203432_53,1.22459893,1.426281546,1.634763787,1.876373626,1.581544771
X203441_43,1.321524064,1.309425927,1.311594203,1.869130869,1.749145591
X203441_59,1.117647059,1.203372755,1,1.919191919,1.749145591
X203461_49,1.133333333,1.058823529,1.436758893,1,1.581544771
X203494_37,1.22459893,1.19171825,1.166666667,1,1.368421053
X203526_15,1.252873563,1.492427998,1.749145591,1.727472527,1.883384933
X203526_16,1.252873563,1.492427998,1.749145591,1.727472527,1.883384933
X203545_17,1.142857143,1.362672029,1.311594203,1.67032967,1.581544771
X203549_55,1.237903226,1.131697893,1.673957621,1.25,1.717234262
X203582_51,1.405228758,1,1,1,1.368421053
X203593_42,1.832374582,1.807733331,1,1,1
X203597_24,1.409047783,1.383706413,1.822134387,1.607142857,1.673957621
X203662_15,1.181818182,1.144352483,1,1,1.222222222
X203662_17,1.181818182,1.144352483,1,1,1.222222222
X203677_24,1.676125582,1.678475265,1.853588517,1.789210789,1.880718954
X203730_66,1.22459893,1.530758883,1.859683794,1.911538462,1.885030759
X203732_30,1,1.098101266,1,1,1.45
X203732_61,1.311594203,1.268564622,1.624148607,1.333333333,1.815934066
X203822_29,1.125,1.043478261,1.436758893,1.285714286,1.624148607
X203822_37,1.851501669,1.870009275,1.906832298,1.93006993,1.903622693
X203871_29,1.125,1.140966576,1.311594203,1.25,1.337662338
X203935_49,1.894773159,1.848809691,1.710615471,1.25,1
X203947_59,1.237903226,1.411991872,1.710615471,1.285714286,1.845201238
X203954_26,1.853588517,1.794972728,1.405228758,1,1.45
X203954_38,1.749145591,1.73472551,1.553921569,1,1.45
X203954_39,1.749145591,1.73472551,1.553921569,1,1.45
X203954_45,1,1,1,1,1.727472527
X203954_51,1.749145591,1.766926235,1.553921569,1,1.45
X203986_15,1,1.040816327,1.166666667,1.25,1.2
X204006_11,1.647246941,1.551248743,1.853588517,1.856565657,1.790299278
X204009_7,1.790739711,1.847469092,1.822134387,1.607142857,1.80861244
X204023_38,1.337662338,1.605489539,NA,NA,NA
X204043_10,1.647246941,1.367204339,1.885030759,1.815934066,1.853588517
X204068_5,1.321524064,1.540184779,1.436758893,1.575757576,1.749145591
X204122_52,1.311594203,1.361868621,1.859683794,1.25,1.80861244
X204143_46,1,1,1.181818182,1.333333333,1.368421053
X204180_63,1.430589544,1.591778409,1.885030759,1.876373626,1.885030759
X204184_30,1.117647059,1.041666667,1,1,1.222222222
X204218_65,1.133333333,1.089341693,1,1.4,1.222222222
X204227_15,1.117647059,1,1.543948805,1.45,1.368421053
X204230_24,1,1,1.2,1,1.624148607
X204230_37,1,1,1.2,1,1.624148607
X204269_15,1.801944972,1.603776562,1.886034256,1.727472527,1.749145591
X204269_29,1.117647059,1,1.543948805,1.25,1.581544771
X204278_45,1.339516129,1.118688197,1,1,1.337662338
X204304_37,1.252873563,1.195452384,1,1,1.581544771
X204414_17,1.620816802,1.884908485,1.80861244,1.915084915,1.80861244
X204414_19,1.620816802,1.884908485,1.80861244,1.915084915,1.80861244
X204420_35,1,1.066666667,1.47012987,1,1.717234262
X204434_47,1.252873563,1.367204339,1.673957621,1,1.673957621
X204465_47,1,1,1.166666667,1.4,1.222222222
X204465_65,1.117647059,1.298016833,1.337662338,1.952380952,1.908496732
X204507_5,1.339516129,1.587107372,1.634763787,1.856565657,1.903622693
X204546_9,1.22459893,1.152825711,1.436758893,1,1.673957621
X204568_24,1.89706258,1.754102118,1.886034256,1.876373626,1.80861244
X204571_53,1.26984127,1.178667435,1.47012987,1,1.727472527
X204629_16,1.22459893,1.402477835,1.886034256,1.911538462,1.883384933
X204682_47,1.22459893,1.226480229,1.47012987,1.607142857,1.80861244
X204683_47,1.45444262,1.260105806,1,1,1.45
X204711_54,1,1,1.2,1.745454545,1.47012987
X204782_11,1.724512679,1.770194861,1.859683794,1.789210789,1.883384933
X204800_17,1.321524064,1.390385495,1.311594203,1.45,1.673957621
X204809_42,1.894773159,1.783143023,1.885030759,1.915084915,1.909774436
X204809_64,1.894773159,1.783143023,1.885030759,1.915084915,1.909774436
X204832_67,1,1.045454545,1.368421053,1,1.368421053
X204895_59,1.511818687,1.373953843,1,1,1.405228758
X204900_37,1.321524064,1.367204339,1.543948805,1.25,1.368421053
X204923_19,1.181818182,1.168648735,1.2,1,1.368421053
X204972_56,1.620816802,1.808370661,1.717234262,1.789210789,1.845201238
X204983_30,1,1.048780488,1.222222222,1,1.222222222
X204992_17,1.611713191,1.839890772,1.166666667,1.285714286,1
X204992_63,1.252873563,1.165439641,1.543948805,1.505494505,1.67254902
X205059_64,1.45444262,1.492427998,1.311594203,1.505494505,1.790299278
X205091_48,1.620816802,1.668738663,1.80861244,1.93006993,1.853588517
X205097_27,1.833333333,1.662051785,1,1,1
X205101_41,1.117647059,1.287410184,1,1.25,1.50877193
X205116_28,1.851501669,1.652626411,1.772727273,1,1.673957621
X205139_39,1.133333333,1.042553191,1,1.505494505,1.876373626
X205213_12,1.487752286,1.318377293,1.772727273,1.727472527,1.80861244
X205213_13,1,1.152825711,1.311594203,1,1.47012987
X205256_22,1,1.048780488,1,1.919191919,1.67254902
X205256_38,1.900383142,1.855467508,1.880718954,1.745454545,1.67254902
X205314_57,1.872330367,1.806305186,1.901656315,1.915084915,1.903622693
X205314_60,1.872330367,1.802801905,1.901656315,1.915084915,1.903622693
X205314_61,1.872330367,1.809567586,1.901656315,1.915084915,1.903622693
X205326_66,NA,NA,1.717234262,1,1.815934066
X205469_22,1.88698896,1.881336827,1.859683794,1.876373626,1.885030759
X205469_26,1.88698896,1.881336827,1.859683794,1.876373626,1.885030759
X205469_56,1.117647059,1.255393404,1.710615471,1.607142857,1.581544771
X205501_61,1,1,1,1,1.337662338
X205521_6,1,1,1.166666667,1.25,1.47012987
X205578_22,1.487752286,1.55545022,1.47012987,1.833333333,1.790299278
X205649_19,1,1,1.166666667,1,1.749145591
X205693_59,1.117647059,1.226480229,1.181818182,1.25,1.581544771
X205693_61,1.117647059,1.226480229,1.181818182,1.25,1.581544771
X205738_40,1,1,1.47012987,1.285714286,1.368421053
X205742_13,1.902222222,1.880254876,1.903622693,1.745454545,1.905882353
X205838_33,1.142857143,1.168924424,1.181818182,1,1.337662338
X205842_34,1,1.219807585,1.436758893,1.25,1.853588517
X205908_43,1,1.043478261,1.337662338,1.285714286,1.337662338
X205938_7,1.430589544,1.311786315,1,1,1.337662338
X205947_17,1.125,1.188801072,1.181818182,1.45,1.673957621
X205970_6,1.289230769,1.147904727,1.45,1.505494505,1.405228758
X205970_7,1.289230769,1.147904727,1.45,1.505494505,1.405228758
X205970_28,1,1,1,1.505494505,1.405228758
X206096_58,1.430589544,1.129943503,1,1.785714286,1.45
X206099_15,1.22459893,1.078787879,1.337662338,1.607142857,1.673957621
X206149_14,1,1,1.311594203,1.45,1.337662338
X206167_13,1,1,1,1.45,1.368421053
X206258_10,1.359605911,1.134649209,1,1,1.337662338
X206316_57,1.237903226,1.140966576,1,1.785714286,1.50877193
X206386_12,1.311594203,1.342289172,1.2,1,1.45
X206440_31,1.855528722,1.634364261,1.903622693,1.876373626,1.717234262
X206459_59,1.766344661,1.771508648,1.311594203,1,1.2
X206480_11,1.22459893,1.222305274,1.543948805,1.789210789,1.673957621
X206494_46,1.750250278,1.880044145,1.80861244,1,1.553921569
X206552_62,1.125,1.193349107,1.2,1.856565657,1.581544771
X206579_50,1.117647059,1.222305274,1.717234262,1.833333333,1.67254902
X206585_21,1.675606641,1.506140084,1.906832298,1.876373626,1.885030759
X206585_48,1.900383142,1.605489539,1.901656315,1.876373626,1.673957621
X206585_55,1,1.131697893,1.436758893,1.45,1.47012987
X206656_27,1.430589544,1.404446067,1.436758893,1.727472527,1.833333333
X206752_55,1.237903226,1.298621768,1.311594203,1.727472527,1.47012987
X206776_29,1.153846154,1.115013169,1.337662338,1,1.553921569
X206846_23,1.153846154,1.051282051,1.166666667,1,1.337662338
X206851_46,1,1.19171825,1,1,1.2
X206870_50,1.117647059,1.118688197,1.543948805,1,1.624148607
X206882_44,1.558176643,1.383706413,1.368421053,1,1.67254902
X206942_59,1.117647059,1,1,1.45,1.337662338
X207011_38,1.873943419,1.782103787,1.543948805,1.789210789,1.717234262
X207058_8,1.311594203,1.254597308,1.436758893,1.333333333,1.790299278
X207063_48,1,1.292618512,1.543948805,1,1.624148607
X207375_67,1.117647059,1.152825711,1,1,1.337662338
X207379_19,1.117647059,1.152825711,1.311594203,1,1.47012987
X207379_28,1.117647059,1.152825711,1.311594203,1,1.47012987
X207439_16,1.831593928,1.882378996,1.859683794,1.876373626,1.845201238
X207652_34,NA,NA,1.181818182,1.285714286,1.368421053
X207768_8,1.117647059,1.342106046,1.368421053,1.727472527,1.50877193
X208005_24,1.872330367,1.854234373,1.883384933,1.856565657,1.880718954
X208034_14,1.620816802,1.652626411,1.311594203,1.923076923,1.853588517
X208052_36,1.911538462,1.867606593,1.911538462,1.919191919,1.905882353
X208052_46,1,1.111801242,1,1,1.368421053
X208052_62,1.911538462,1.867606593,1.911538462,1.919191919,1.905882353
X208202_59,1.153846154,1.368463481,1,1,1.47012987
X208306_42,1,1.184461368,1.166666667,1.45,1.789210789
X208306_66,1,1.184461368,1.166666667,1.45,1.789210789
X208374_21,1,1.043478261,1,1,1.337662338
X208380_29,1.831593928,1.855351744,1.634763787,1.789210789,1.624148607
X208389_27,1,1,1.166666667,1,1.337662338
X208389_45,1,1,1.166666667,1,1.337662338
X208507_20,1.321524064,1.188123609,1.436758893,1.815934066,1.67254902
X208507_56,1.321524064,1.152825711,1.436758893,1.727472527,1.67254902
X208511_46,1,1,1,1,1.47012987
X208533_47,1.22459893,1.165439641,1.368421053,1,1.337662338
X208676_57,1,1.089341693,1.337662338,1.856565657,1.673957621
X208676_63,1,1.089341693,1.337662338,1.856565657,1.673957621
X208682_44,1.873943419,1.804373378,1.673957621,1.789210789,1.673957621
X208940_25,1.22459893,1.230814037,1.166666667,1.919191919,1.47012987
X208989_37,1.583843159,1.703703536,1.859683794,1.607142857,1.903622693
X209006_33,1.897360704,1.880118481,1.859683794,1.607142857,1.845201238
X209034_35,1,1,1.710615471,1,1.2
X209058_11,1.133333333,1.095754291,1.673957621,1.785714286,1.727472527
X209084_16,1,1.116388374,1.543948805,1.285714286,1.581544771
X209097_43,1,1.044444444,1.311594203,1.45,1.2
X209097_59,1,1.044444444,1.311594203,1.45,1.2
X209097_63,1,1.046511628,1.311594203,1.45,1.2
X209154_38,1,1.19171825,1.166666667,1.285714286,1.337662338
X209167_8,1,1,1.337662338,1,1.607142857
X209480_8,1,1.042553191,1.710615471,1,1.368421053
X209480_60,1,1.426281546,1.822134387,1.67032967,1.883384933
X209486_56,1.790739711,1.763328475,1.909774436,1.928571429,1.885030759
X209630_59,1.321524064,1.329907344,1.853588517,1.607142857,1.749145591
X209630_64,1.321524064,1.329907344,1.853588517,1.607142857,1.749145591
X209654_25,1.487752286,1.553170247,1.859683794,1.607142857,1.885030759
X209661_44,1.311594203,1.514318493,1.337662338,1.727472527,1.845201238
X209694_18,1.117647059,1.078787879,1.166666667,1.285714286,1.624148607
X209694_50,1.117647059,1.078787879,1.166666667,1.285714286,1.624148607
X209881_52,1.133333333,1.05,1.80861244,1,1.47012987
X209883_44,1.487752286,1.581450129,1.908496732,1.915084915,1.833333333
X209883_51,1.487752286,1.581450129,1.908496732,1.915084915,1.833333333
X209972_32,1.125,1.162095372,1,1.25,1.47012987
X210190_22,1.430589544,1.144352483,1.886034256,1.333333333,1.727472527
X210350_36,1.117647059,1.044444444,1.166666667,1,1.337662338
X210350_44,1.117647059,1.043478261,1.166666667,1,1.337662338
X210401_61,1.804542125,1.880268654,1.311594203,1.25,1.181818182
X210802_34,1,1,1.337662338,1.25,1.2
X210968_68,1,1.055555556,1,1,1.368421053
X210984_22,1.252873563,1.168924424,1.181818182,1.25,1.337662338
X211379_22,1.558176643,1.582306627,1.869130869,1.575757576,1.853588517
X211427_27,1.321524064,1.255393404,1.634763787,1.45,1.581544771
X211474_51,1.724512679,1.591778409,1.436758893,1.815934066,1.913312693
X211500_15,1.558176643,1.458190744,1.901656315,1.923076923,1.749145591
X211524_51,1,1.195452384,1,1.45,1.553921569
X211606_28,1,1.042553191,1,1.505494505,1.50877193
X211728_16,1.855528722,1.871105913,1.710615471,1.607142857,1.47012987
X211750_53,1.750250278,1.831249163,1.166666667,1.727472527,1.181818182
X211764_57,1.647246941,1.678526582,1.903622693,1.923076923,1.624148607
X211783_31,1,1.278752826,1.436758893,1.815934066,1.673957621
X211824_54,1.750250278,1.833583921,1.859683794,1.727472527,1.853588517
X211972_5,1,1.131697893,1.749145591,1.67032967,1.903622693
X211991_31,1,1,1.166666667,1,1.67254902
X212031_6,1.599331104,1.712362449,1,1.25,1.727472527
X212045_10,1,1,1.47012987,1,1.368421053
X212050_6,1.252873563,1.155795785,1.166666667,1.333333333,1.368421053
X212115_55,1.558176643,1.483286473,1,1.67032967,1.764705882
X212119_7,1,1,1,1,1.337662338
X212125_38,1.359605911,1.193349107,1.181818182,1.67032967,1.80861244
X212258_65,1,1.280814734,1.634763787,1.45,1.624148607
X212321_39,1.886034256,1.657221022,1.886034256,1.505494505,1.917647059
X212321_66,1,1,1.311594203,1.285714286,1.764705882
X212362_63,1.84029304,1.777412876,1.368421053,1.4,1.880718954
X212364_6,1.750250278,1.848809691,1.543948805,1.815934066,1.80861244
X212364_35,1.750250278,1.848809691,1.543948805,1.815934066,1.80861244
X212364_38,1.750250278,1.848809691,1.543948805,1.815934066,1.80861244
X212430_8,1.647246941,1.433791254,1.772727273,1.789210789,1.885030759
X212441_25,1,1.045454545,1,1.856565657,1.50877193
X212473_26,1.647246941,1.449600967,1.337662338,1.727472527,1.717234262
X212486_67,1,1.335037919,1.50877193,1,1.764705882
X212520_16,1.45444262,1.321730442,1,1,1.45
X212534_63,1.339516129,1.489138577,1.845201238,1.745454545,1.67254902
X212582_10,1.855528722,1.844492236,1.883384933,1.25,1.673957621
X212590_50,1,1.047619048,1,1,1.368421053
X212626_47,1,1,1.222222222,1,1.405228758
X212629_47,1,1,1.311594203,1,1.337662338
X212659_20,1.538222952,1.794972728,1.853588517,1.911538462,1.80861244
X212659_23,1.45444262,1.678290053,1.790299278,1.93006993,1.80861244
X212783_60,1.867643468,1.880211561,1.337662338,1.815934066,1.885030759
X212809_44,1.705982906,1.67813173,1.886034256,1.869130869,1.853588517
X212836_20,NA,NA,1.337662338,1,1.368421053
X212846_9,1,1.118688197,1,1,1.337662338
X212846_10,1,1.118688197,1,1,1.337662338
X212860_25,1.867643468,1.782103787,1.885030759,1.815934066,1.903622693
X212975_30,1.117647059,1.162095372,1,1,1.337662338
X213030_31,1,1.078787879,1.822134387,1.815934066,1.581544771
X213059_43,1.897360704,1.87996364,1.543948805,1.919191919,1.222222222
X213089_16,1,1,1,1,1.405228758
X264793_60,1,1.044444444,1,1,1.47012987
X265504_19,1.567277167,1.533814735,1.624148607,1.505494505,1.833333333
X265504_66,1.567277167,1.533814735,1.624148607,1.505494505,1.833333333
X265672_69,1,1.13430127,1.285714286,1,1.25
X266105_36,1.511818687,1.292443097,1.337662338,1.505494505,1.505494505
X267407_20,1.359605911,1.089341693,1,1.575757576,1.337662338
X267425_28,1.125,1.126166587,1,1,1.50877193
X267425_39,1.125,1.126166587,1,1,1.50877193
X267458_39,1,1.044444444,1.222222222,1.575757576,1.45
X267889_10,NA,NA,1,1,1.45
X268454_55,1.487752286,1.137735611,1.717234262,1.815934066,1.764705882
X269059_61,1.407692308,1.564826151,1.624148607,1.4,1.908496732
X269302_32,1.22459893,1.100566101,1,1,1.45
X269442_20,1.790739711,1.862236859,1.634763787,1.971428571,1.909774436
X269737_17,1,1,1,1.285714286,1.405228758
X269737_22,1,1,1,1.285714286,1.405228758
X269809_27,1,1,1,1,1.67254902
X270060_65,1.886622074,1.769579896,1,1.285714286,1.624148607
X270081_12,1.853588517,1.420881813,1.913312693,1.915084915,1.764705882
X270081_22,1.885030759,1.525529992,1.905882353,1.915084915,1.833333333
X270213_51,1.321524064,1.292443097,1.337662338,1,1.749145591
X270259_25,1.673957621,1.846140568,1.885030759,1.876373626,1.673957621
X271150_16,1.407692308,1.318807508,1.905882353,1.919191919,1.876373626
X271413_13,1.222222222,1.472031801,1,1,1.67254902
X271946_57,NA,NA,1,1,1.624148607
X271969_17,1.26984127,1.111801242,1.717234262,1.25,1.853588517
X272042_18,1.26984127,1.184461368,1.553921569,1,1.624148607
X272042_55,1,1,1,1,1.368421053
X272791_10,1.133333333,1.083733699,1.181818182,1,1.368421053
X273122_16,1.181818182,1.420881813,1.405228758,1.856565657,1.880718954
X273122_20,1.181818182,1.482025437,1.405228758,1.856565657,1.880718954
X273122_43,1.181818182,1.482025437,1.67254902,1.856565657,1.880718954
X273596_11,1,1.04,1.543948805,1.45,1.581544771
X273650_16,1,1.055555556,1,1.333333333,1.2
X273930_26,1,1,1.166666667,1,1.581544771
X274249_43,1.359605911,1.79061311,1.908496732,1.727472527,1.853588517
X274360_61,1.642002442,1.715530646,1.436758893,1.869130869,1.673957621
X274459_42,NA,NA,1,1,1.581544771
X274560_33,NA,NA,1,1,1.624148607
X274566_61,1,1,1.311594203,1,1.581544771
X274779_61,1.125,1.054054054,1.337662338,1,1.337662338
X275183_46,1,1,1.405228758,1,1.45
X275303_22,1.337662338,1.463025043,1.222222222,1,1.45
X275483_45,NA,NA,1,1,1.368421053
X275760_66,1.133333333,1,1.337662338,1.25,1.673957621
X275870_56,1,1.060606061,1,1,1.337662338
X275885_44,1,1,1.311594203,1.285714286,1.337662338
X276010_22,1.822134387,1.880005657,1.581544771,1.727472527,1.25
X276142_33,1.142857143,1.454187751,1.181818182,1.607142857,1.749145591
X276439_24,1.750250278,1.741766913,1.166666667,1,1
X276439_26,1.750250278,1.748297077,1.166666667,1.25,1
X276576_25,1.480976801,1.314992295,1.885030759,1.915084915,1.939393939
X276576_42,1.705982906,1.653099864,1.909774436,1.285714286,1.745454545
X276822_66,1.407692308,1.168648735,1.673957621,1.575757576,1.833333333
X277191_60,1.252873563,1.230814037,1.543948805,1.25,1.903622693
X277369_18,1.846524357,1.834140863,1.749145591,1.923076923,1.913312693
X277380_5,1.845201238,1.858202405,1.905882353,1.789210789,1.25
X277690_18,1.583843159,1.814330427,1.749145591,1.666666667,1.913312693
X277690_25,1.583843159,1.814330427,1.749145591,1.666666667,1.913312693
X277690_30,1.125,1.055555556,1,1,1.368421053
X277914_37,1,1.098101266,1.673957621,1,1.853588517
X277983_57,1.222222222,1.189947399,1.2,1,1.368421053
X278426_27,1.125,1,1.543948805,1.607142857,1.581544771
X278611_32,1.750250278,1.478463821,1.222222222,1.833333333,1.749145591
X278642_47,1.724512679,1.780704223,1.885030759,1.915084915,1.581544771
X278932_22,1.181818182,1,1.166666667,1,1.47012987
X279081_15,1.142857143,1.305063863,1,1,1.405228758
X279528_41,1.790739711,1.645351484,1.80861244,1.923809524,1.885030759
X279812_17,1.339516129,1.260720777,1.710615471,1.869130869,1.673957621
X279812_20,1.339516129,1.260720777,1.710615471,1.789210789,1.673957621
X279906_41,1.864214047,1.664386127,1.833333333,1.856565657,1.908496732
X280353_47,1,1,1,1,1.47012987
X280619_40,1.790635452,1.812503286,1.717234262,1,1.919191919
X280660_51,1.749145591,1.605564264,1.634763787,1.505494505,1.883384933
X280663_13,1.901656315,1.61043978,1.911538462,1.911538462,1.790299278
X280803_48,1.153846154,1,1.337662338,1,1.581544771
X281022_41,1,1,1,1.856565657,1.624148607
X281063_16,1.581544771,1.690220228,1.80861244,1.928571429,1.911538462
X281063_53,1.581544771,1.638758081,1.80861244,1.928571429,1.911538462
X281072_17,1,1.060606061,1.673957621,1.285714286,1.581544771
X281136_11,1,1.058823529,1.181818182,1,1.368421053
X281258_6,NA,NA,1.543948805,1.789210789,1.853588517
X281596_20,1,1.040816327,1.166666667,1.285714286,1.764705882
X281862_6,1.166666667,1.484768396,1.368421053,1.505494505,1.727472527
X281862_64,1.166666667,1.514918626,1.553921569,1.505494505,1.727472527
X281862_68,1.166666667,1.514918626,1.50877193,1.505494505,1.727472527
X281914_11,NA,NA,1.436758893,1.25,1.45
X281948_19,1.252873563,1.155795785,1.166666667,1,1.337662338
X281980_46,1.289230769,1.307018797,1.764705882,1.919191919,1.923076923
X282046_21,1.337662338,1.278752826,1.47012987,1.4,1.749145591
X282066_5,1,1.147904727,1,1.333333333,1.368421053
X282066_35,1,1.193349107,1,1.575757576,1.368421053
X282217_40,1.153846154,1,1.553921569,1,1.883384933
X282250_14,NA,NA,1,1,1.50877193
X282808_28,1.89993311,1.880094743,1.553921569,1.285714286,1.222222222
X282824_11,1.142857143,1.607644987,1.436758893,1.285714286,1.764705882
X282824_30,1.142857143,1.581450129,1.436758893,1.285714286,1.764705882
X282937_15,1.339516129,1.582306627,1.368421053,1.745454545,1.915084915
X282942_10,1,1,1.311594203,1,1.749145591
X282942_46,1,1,1.311594203,1,1.337662338
X283210_17,1,1,1.222222222,1,1.405228758
X283296_58,1.125,1.042553191,1.166666667,1,1.624148607
X283450_36,1.624148607,1.580333626,1.886034256,1.505494505,1.845201238
X283522_49,1.125,1.19171825,1.181818182,1,1.50877193
X283643_52,1.859683794,1.645351484,1.624148607,1.928571429,1.790299278
X283897_68,NA,NA,1.543948805,1.785714286,1.727472527
X285712_55,1,1,1,1.333333333,1.45
X285712_60,1.558176643,1.335037919,1.607142857,1.333333333,1.45
X286285_22,1.702558398,1.730082694,1.772727273,1.876373626,1.853588517
X286431_5,1.898776418,1.699167499,1.50877193,1.67032967,1.911538462
X286431_63,1.583843159,1.484768396,1.790299278,1.285714286,1.876373626
X286556_13,1.642002442,1.451748252,1.634763787,1.575757576,1.749145591
X286713_44,NA,NA,1.845201238,1.666666667,1.908496732
X287416_16,1,1.305063863,1.181818182,1.505494505,1.47012987
X287440_29,1.133333333,1.193349107,1,1,1.337662338
X287466_8,1.895856507,1.866325343,1.80861244,1.727472527,1.624148607
X287655_5,1.749145591,1.49009324,NA,NA,NA
X288413_13,1.738394649,1.614717289,1.790299278,1.727472527,1.790299278
X288504_45,1,1,1,1,1.337662338
X288518_54,1,1.042553191,1.543948805,1.25,1.47012987
X288552_34,1.409047783,1.15888331,1.2,1.575757576,1.50877193
X288552_58,1.676125582,1.419018892,1.790299278,1.856565657,1.913312693
X288552_63,1.724512679,1.498758263,1.845201238,1.575757576,1.913312693
X288794_23,1,1,1,1,1.624148607
X289068_50,1,1.042553191,1.436758893,1,1.337662338
X289465_20,1.181818182,1.184135378,1.67254902,1.666666667,1.833333333
X289465_30,1.181818182,1.184135378,1.67254902,1.666666667,1.833333333
X289970_21,1,1,1,1,1.67032967
X290300_7,1.45444262,1.118414918,1.285714286,1.727472527,1.790299278
X290300_8,1.45444262,1.118414918,1.285714286,1.727472527,1.790299278
X290300_15,1.815544609,1.592712843,1.93006993,1.876373626,1.883384933
X290300_59,1.133333333,1.118414918,1,1,1.368421053
X290794_59,1.252873563,1.321730442,1,1,1.405228758
X293301_40,NA,NA,1,1,1.368421053
X293589_12,1,1,1.181818182,1,1.45
X293745_25,1.898412698,1.543670886,1.885030759,1.815934066,1.876373626
X294834_43,1.908496732,1.841935842,1.607142857,1.575757576,1.67254902
X294892_59,1.886622074,1.841935842,1,1,1
X295082_64,1.285714286,1,1.337662338,1,1.553921569
X296567_18,1.50877193,1.217375566,1.166666667,1.285714286,1.717234262
X297646_34,NA,NA,1,1,1.368421053
X297646_37,NA,NA,1,1,1.368421053
X298727_49,NA,NA,1.181818182,1,1.368421053
X298976_40,1.153846154,1.13430127,1,1,1.553921569
X300502_5,1.337662338,1.285325123,1.67254902,1.505494505,1.789210789
X300502_67,1.749145591,1.795358444,1.553921569,1.93006993,1.67032967
X301219_12,1,1,1.337662338,1,1.368421053
X301333_60,NA,NA,1,1,1.45
X302280_37,1,1.057142857,1.311594203,1,1.337662338
X302625_68,1.153846154,1.254597308,1.50877193,1,1.80861244
X303089_19,NA,NA,1.405228758,1,1.789210789
X303089_40,NA,NA,1.405228758,1,1.789210789
X303089_43,NA,NA,1.405228758,1,1.789210789
X304187_59,1,1,1.2,1,1.67032967
X304257_68,1.142857143,1.143955276,1.166666667,1.25,1.368421053
X304518_45,1,1.108763693,1,1,1.673957621
X304778_32,NA,NA,1,1,1.673957621
X305138_43,1,1,1.337662338,1,1.337662338
X305457_13,1.45,1.711601979,1.880718954,1.915084915,1.727472527
X306790_38,1.359605911,1.402477835,1.181818182,1.856565657,1.880718954
X306790_39,1.359605911,1.402477835,1.181818182,1.856565657,1.908496732
X306836_14,1,1.189947399,1.311594203,1,1.337662338
X314228_20,NA,NA,1,1,1.405228758
X316893_23,1.738394649,1.758357624,1.913312693,1,1.913312693
X316893_26,1.407692308,1.333827847,1.790299278,1,1.905882353
X318675_25,1,1.202741703,1.80861244,1.575757576,1.885030759
X323291_18,1.673957621,1.20980487,1.337662338,1,1.405228758
X327754_13,NA,NA,1,1.4,1.553921569
X328266_59,NA,NA,1.405228758,1,1.405228758
X328879_29,NA,NA,1,1,1.45
X330376_65,1,1.108763693,1,1.333333333,1.581544771
X359839_40,1.22459893,1.207577519,1.436758893,1.25,1.624148607
X362964_50,1,1.168648735,1.50877193,1.607142857,1.869130869
X514754_18,1.749145591,1.430707987,1.50877193,1.45,1.913312693
X514754_52,1,1.164048228,1.50877193,1.607142857,1.50877193
X516974_9,1,1.068965517,1,1,1.581544771
X519193_15,1.894773159,1.88356998,1.710615471,1.727472527,1
X519563_32,NA,NA,1.2,1,1.505494505
X520215_26,1.730523627,1.707095254,1.845201238,1.505494505,1.790299278
X524041_27,1.166666667,1.33223005,1,1,1.368421053
X524053_15,1.409047783,1.226480229,1.436758893,1,1.749145591
X556370_63,1.117647059,1.085523172,1.2,1.333333333,1.368421053
X558567_12,1.675606641,1.484768396,1.47012987,1,1.673957621
X559613_13,1.153846154,1.046511628,1.285714286,1.45,1.45
X561152_43,1.181818182,1.689092929,1.311594203,1,1.880718954
X561152_60,1.181818182,1.689092929,1.311594203,1,1.880718954
X563187_7,NA,NA,1.405228758,1.4,1.505494505
X564491_65,1,1,1,1,1.624148607
X565945_18,NA,NA,1,1,1.405228758
X566172_38,1.382173382,1.735073706,1.885030759,1.876373626,1.853588517
X567368_19,1,1.057142857,1,1,1.368421053
X570983_9,1,1.098101266,1,1.333333333,1.790299278
X572456_67,1.894773159,1.844571849,1.901656315,1.815934066,1.903622693
X684204_41,NA,NA,1,1.285714286,1.45
X684983_24,NA,NA,1,1.25,1.405228758
X685089_66,1.117647059,1.155795785,1.822134387,1.727472527,1.47012987
X689486_44,1,1.428925461,1.905882353,1.939393939,1.923076923
X689486_45,1,1.428925461,1.905882353,1.939393939,1.923076923
X689486_50,1.339516129,1.729503693,1.845201238,1.939393939,1.911538462
X691327_56,1.407692308,1.359160594,1.25,1,1.45
X692010_8,NA,NA,1.885030759,1.607142857,1.876373626
X692720_65,1.487752286,1.230814037,1.710615471,1.745454545,1.880718954
X692720_66,1.487752286,1.230814037,1.710615471,1.745454545,1.880718954
X692720_67,1.487752286,1.230814037,1.710615471,1.745454545,1.880718954
X693789_58,1.750250278,1.278752826,1.337662338,1.285714286,1.581544771
X694913_66,1.430589544,1.116388374,1.166666667,1.333333333,1.368421053
X695386_17,1.738394649,1.842836658,1,1.67032967,1
X697959_55,1.567277167,1.74714036,1.67254902,1.333333333,1.815934066
X699858_31,1.339516129,1.260105806,1.311594203,1,1.47012987
X701261_37,1.543948805,1.058823529,1,1.505494505,1.45
X701261_63,1.543948805,1.058823529,1,1.505494505,1.45
X703979_23,NA,NA,1,1,1.405228758
X705545_31,1,1.060606061,1.166666667,1.285714286,1.581544771
X706354_62,NA,NA,1,1,1.368421053
X708575_46,1,1.044444444,1,1,1.67254902
X777089_17,1.133333333,1.057142857,1,1,1.2
X777205_42,NA,NA,1,1,1.624148607
X777396_12,NA,NA,1,1,1.405228758
X777396_21,NA,NA,1.166666667,1.25,1.67254902
X778348_8,NA,NA,1.337662338,1,1.47012987
X778348_60,NA,NA,1,1.285714286,1.581544771
X778930_25,1,1.041666667,1,1.25,1.337662338
X779026_39,NA,NA,1.337662338,1,1.553921569
X779653_61,NA,NA,1,1,1.624148607
X779771_58,1.749145591,1.777382327,1.908496732,1.666666667,1.883384933
X782587_12,1.853588517,1.755698022,1.673957621,1.869130869,1.624148607
X782587_31,1.581544771,1.30980272,1,1,1.624148607
X782587_38,1.581544771,1.30980272,1,1,1.624148607
X782587_50,1.337662338,1,1,1,1.624148607
X783576_39,1,1.071428571,1,1,1.337662338
X783928_26,NA,NA,1.166666667,1.285714286,1.25
X840043_51,1,1,1.311594203,1.4,1.581544771
X840188_45,1.824388209,1.884675325,1.853588517,1.923809524,1.222222222
X844650_37,NA,NA,1.2,1.285714286,1.553921569
X848167_20,1,1.076923077,1.607142857,1.285714286,1.405228758
X851752_33,1.117647059,1.082017544,1.181818182,1.25,1.405228758
X853669_11,1.166666667,1,1,1,1.368421053
X915719_17,1,1.151635846,1.581544771,1.856565657,1.909774436
X916032_64,NA,NA,1.845201238,1.815934066,1.883384933
X925977_27,1.125,1.089341693,1.833333333,1.745454545,1.581544771
X1038082_23,1,1,1.166666667,1,1.50877193
X1039188_11,1.142857143,1,1,1,1.337662338
X1042976_45,1.480976801,1.236949016,1.581544771,1.333333333,1.749145591
X1043842_28,NA,NA,1.883384933,1.856565657,1.833333333
X1043842_30,NA,NA,1.883384933,1.856565657,1.833333333
X1045161_13,1,1,1.311594203,1.25,1.581544771
X1046764_61,1,1.040816327,1.166666667,1.285714286,1.47012987
X1049749_57,1.409047783,1.433791254,1.311594203,1,1.80861244
X1085449_67,NA,NA,1,1,1.50877193
X1086333_14,1,1,1.337662338,1,1.405228758
X1086804_63,1.831593928,1.719489398,1.772727273,1.923076923,1.673957621
X1087242_22,1.89706258,1.88318274,1.673957621,1.25,1.581544771
X1087479_54,1.873943419,1.81261061,1.772727273,1.789210789,1.717234262
X1088640_58,NA,NA,1.181818182,1,1.368421053
X1107772_54,1,1,1.368421053,1,1.624148607
X1113614_13,1,1.144352483,1.311594203,1.45,1.50877193
X1113614_22,1.153846154,1.370004991,1.166666667,1.285714286,1.47012987
X1132976_5,1,1,1,1,1.368421053
X1137454_54,NA,NA,1.2,1.285714286,1.785714286
X1139123_33,1,1.188123609,1.710615471,1,1.833333333
X1188513_18,1.75995116,1.487268141,1.886034256,1.789210789,1.903622693
X1190210_66,1,1,1.311594203,1,1.368421053
X1190383_34,1.901656315,1.810435219,1.634763787,1.505494505,1.903622693
X1190753_5,1.904347826,1.87467845,1.822134387,1.285714286,1.50877193
X1190753_7,1.898412698,1.87467845,1.822134387,1.285714286,1.50877193
X1191134_33,1.339516129,1.260105806,1.166666667,1.505494505,1.581544771
X1195392_39,NA,NA,1.368421053,1,1.915084915
X1209208_26,NA,NA,1.166666667,1.45,1.405228758
X1209208_27,NA,NA,1.166666667,1.45,1.405228758
X1209208_50,NA,NA,1.166666667,1.45,1.405228758
X1209641_10,1,1.278752826,1.553921569,1.727472527,1.833333333
X1210085_12,1.772727273,1.86451119,1.790299278,1.952380952,1.50877193
X1210231_13,NA,NA,1.543948805,1,1.50877193
X1210364_50,NA,NA,1,1.666666667,1.368421053
X1210527_33,1,1,1.368421053,1.25,1.673957621
X1211218_45,1,1,1.181818182,1,1.624148607
X1211218_60,1,1,1,1,1.624148607
X1212225_33,1.567277167,1.399427851,1.581544771,1.4,1.883384933
X1212225_35,1.480976801,1.527289879,1.673957621,1.745454545,1.883384933
X1212230_55,1.26984127,1.475495409,1.880718954,1.789210789,1.845201238
X1212230_57,1.26984127,1.475495409,1.880718954,1.789210789,1.845201238
X1212270_68,1,1,1,1,1.833333333
X1212305_41,1.133333333,1,1.166666667,1,1.368421053
X1212645_61,1.125,1,1.47012987,1.4,1.45
X1212723_5,1,1.260720777,1.337662338,1,1.575757576
X1212756_56,NA,NA,1.368421053,1,1.790299278
X1212781_39,1,1.055555556,1.543948805,1,1.673957621
X1212781_41,1.750250278,1.769034497,1.634763787,1.333333333,1.80861244
X1219314_8,1,1.189947399,1.50877193,1.789210789,1.624148607
X1219776_40,NA,NA,1.908496732,1,1.749145591
X1219776_45,NA,NA,1.908496732,1,1.749145591
X1236870_63,1.22459893,1.239995634,1.543948805,1.911538462,1.749145591
X1236870_65,1.22459893,1.043478261,1.311594203,1,1.337662338
X1236870_66,1.22459893,1.239995634,1.543948805,1.911538462,1.749145591
X1239299_49,1.142857143,1.264993859,1.845201238,1.45,1.876373626
X1240926_24,1,1.093516925,1.181818182,1,1.45
X1240926_50,1.824388209,1.668193486,1.885030759,1.833333333,1.876373626
X1240926_60,1.430589544,1.298621768,1.436758893,1.666666667,1.923076923
X1241050_62,1.581544771,1.275918526,1,1,1.505494505
X1241138_65,NA,NA,1.181818182,1,1.337662338
X1241257_57,1,1,1.222222222,1.575757576,1.50877193
X1311214_68,1.511818687,1.760011976,1.790299278,1.876373626,1.883384933
X1311539_66,1,1.085523172,1.543948805,1,1.47012987
X1311767_37,1.859683794,1.654631479,1.337662338,1.575757576,1.624148607
X1311840_59,1.252873563,1.348828854,1.67254902,1.333333333,1.923809524
X1311975_16,1,1,1.543948805,1.285714286,1.67254902
X1312033_22,1,1.165439641,1.47012987,1.285714286,1.727472527
X1312033_26,1.133333333,1.126166587,1.181818182,1.285714286,1.876373626
X1312359_21,1,1,1.634763787,1.727472527,1.581544771
X1312362_50,1.237903226,1.108763693,1.790299278,1,1.853588517
X1312646_49,1.133333333,1.144352483,1.311594203,1.25,1.80861244
X1312646_50,1.133333333,1.144352483,1.311594203,1.25,1.80861244
X1312712_29,1.675606641,1.698215041,1.717234262,1,1.885030759
X1312747_58,1.125,1,1.368421053,1.45,1.581544771
X1312781_40,1.47012987,1.239446441,1.166666667,1.607142857,1.673957621
X1312792_13,1.480976801,1.318807508,1.2,1,1.45
X1312792_14,1.480976801,1.318807508,1.2,1,1.45
X1312936_11,1,1,1.436758893,1.607142857,1.368421053
X1312936_17,1,1.080370292,1.166666667,1.25,1.50877193
X1312959_20,1,1,1.405228758,1.25,1.581544771
X1312963_18,1.117647059,1,1.368421053,1,1.368421053
X1313008_15,1.125,1.128873,1.581544771,1.505494505,1.337662338
X1313158_32,1,1.040816327,1.311594203,1.285714286,1.47012987
X1313462_50,1.511818687,1.609074658,1.337662338,1.285714286,1.790299278
X1313766_56,1.480976801,1.567369341,1.859683794,1.915084915,1.80861244
X1313798_19,1,1.045454545,1.47012987,1,1.405228758
X1314098_27,1.487752286,1.260105806,1.436758893,1,1.45
X1315075_24,1,1.046511628,1.749145591,1.45,1.80861244
X1315075_31,1,1.045454545,1.749145591,1.45,1.80861244
X1315327_12,1,1,1.368421053,1.923809524,1.815934066
X1315357_47,1.642002442,1.863647419,1,1,1
X1315590_45,1,1,1.181818182,1,1.2
X1315698_43,1,1.044444444,1.2,1.333333333,1.553921569
X1315794_67,1,1.042553191,1.543948805,1.745454545,1.50877193
X1315807_7,1.117647059,1.078787879,1.311594203,1.25,1.368421053
X1315962_63,1.142857143,1.283682418,1.505494505,1,1.405228758
X1315964_21,1.26984127,1,1.181818182,1.575757576,1.833333333
X1315964_25,1.26984127,1,1.181818182,1.575757576,1.833333333
X1315964_38,1.480976801,1.49009324,1.749145591,1.856565657,1.908496732
X1316536_21,1,1.060606061,1.436758893,1,1.47012987
X1317344_41,1.181818182,1.275918526,1.436758893,1.67032967,1.856565657
X1317389_38,1.117647059,1.19171825,1.311594203,1,1.883384933
X1317484_35,1,1.058823529,1.553921569,1.575757576,1.222222222
X1317542_49,1.237903226,1.457927391,1.222222222,1,1.869130869
X1317542_65,1.583843159,1.567369341,1.553921569,1.5,1.869130869
X1318413_60,1.611713191,1.718881119,1.903622693,1.869130869,1.856565657
X1318552_33,1.724512679,1.759182398,1.886034256,1.911538462,1.790299278
X1318552_39,1.724512679,1.759182398,1.886034256,1.876373626,1.790299278
X1318627_58,1.339516129,1.17255874,1.311594203,1.25,1.764705882
X1318627_59,1.339516129,1.17255874,1.311594203,1.25,1.764705882
X1318697_21,1,1,1.436758893,1.45,1.853588517
X1318709_45,1.84029304,1.815880322,1.833333333,1.919191919,1.876373626
X1337553_9,1,1.045454545,1.166666667,1,1.67254902
X1338104_23,1,1,1.717234262,1.727472527,1.853588517
X1338254_19,1.815544609,1.728042391,1.909774436,1.789210789,1.790299278
X1338622_43,1,1.080370292,1.311594203,1.4,1.25
X1339162_24,1.599331104,1.098101266,1.80861244,1.789210789,1.673957621
X1339585_46,1.480976801,1.779102118,1.853588517,1.869130869,1.908496732
X1339585_62,1,1.040816327,1.337662338,1.285714286,1.405228758
X1340308_47,1.117647059,1.199334252,1.543948805,1.25,1.624148607
X1342054_23,NA,NA,1.181818182,1,1.856565657
X1342054_33,NA,NA,1.181818182,1,1.856565657
X1342253_19,1,1.128873,1.50877193,1,1.717234262
X1352879_7,1,1.060606061,1.405228758,1.25,1.624148607
X1353622_64,1.724512679,1.839890772,1.906832298,1.869130869,1.903622693
X1355098_46,1.133333333,1.105886709,1.47012987,1.45,1.581544771
X1355869_38,1,1.208404047,1.883384933,1.4,1.880718954
X1356212_45,1.859683794,1.742040666,1.903622693,1.911538462,1.883384933
X1356506_48,1.117647059,1.121080627,1.181818182,1.25,1.749145591
X1357536_34,1.409047783,1.774794097,1.2,1,1.903622693
X1359393_23,1.339516129,1.137735611,1.222222222,1.666666667,1.764705882
X1359393_64,1.125,1.047619048,1.222222222,1,1.405228758
,1.32,1.31,1.42,1.40,1.60